event_id,week_id,event_kind,event_order,title,priority,first_step_id,on_completed_interaction_ids,related_information_type_ids,preferred_semantics,linked_card_id
event_week_001_excursion_garden_blocked,week_001,routine,0,garden Blocked,10,step_event_week_001_excursion_garden_blocked,set_done_event_week_001_excursion_garden_blocked|obedience_plus_1,card_type_excursion,Blocked,card_excursion_garden_week_001
event_week_001_excursion_garden_direct,week_001,routine,0,garden Direct,10,step_event_week_001_excursion_garden_direct,set_done_event_week_001_excursion_garden_direct|curiosity_plus_1,card_type_excursion,Direct,card_excursion_garden_week_001
event_week_002_excursion_garden_blocked,week_002,routine,0,garden Blocked,10,step_event_week_002_excursion_garden_blocked,set_done_event_week_002_excursion_garden_blocked|obedience_plus_1|trust_plus_1,card_type_excursion,Blocked,card_excursion_garden_week_002
event_week_002_excursion_garden_direct,week_002,routine,0,garden Direct,10,step_event_week_002_excursion_garden_direct,set_done_event_week_002_excursion_garden_direct|curiosity_plus_1|trust_plus_1,card_type_excursion,Direct,card_excursion_garden_week_002
event_week_003_excursion_garden_blocked,week_003,routine,0,garden Blocked,10,step_event_week_003_excursion_garden_blocked,set_done_event_week_003_excursion_garden_blocked|obedience_plus_1|anxiety_plus_1,card_type_excursion,Blocked,card_excursion_garden_week_003
event_week_003_excursion_garden_direct,week_003,routine,0,garden Direct,10,step_event_week_003_excursion_garden_direct,set_done_event_week_003_excursion_garden_direct|curiosity_plus_1|trust_plus_1,card_type_excursion,Direct,card_excursion_garden_week_003
event_week_003_excursion_garden_blocked_2,week_003,routine,0,garden Blocked,10,step_event_week_003_excursion_garden_blocked_2,set_done_event_week_003_excursion_garden_blocked_2|anxiety_plus_1|obedience_plus_1,card_type_excursion,Blocked,card_excursion_garden_week_003
event_week_003_excursion_garden_direct_2,week_003,routine,0,garden Direct,10,step_event_week_003_excursion_garden_direct_2,set_done_event_week_003_excursion_garden_direct_2|curiosity_plus_1|trust_plus_1,card_type_excursion,Direct,card_excursion_garden_week_003
event_week_001_excursion_lake_blocked,week_001,routine,0,lake Blocked,10,step_event_week_001_excursion_lake_blocked,set_done_event_week_001_excursion_lake_blocked,card_type_excursion,Blocked,card_excursion_lake_week_001
event_week_001_excursion_lake_direct,week_001,routine,0,lake Direct,10,step_event_week_001_excursion_lake_direct,set_done_event_week_001_excursion_lake_direct|anxiety_plus_1,card_type_excursion,Direct,card_excursion_lake_week_001
event_week_002_excursion_lake_blocked,week_002,routine,0,lake Blocked,10,step_event_week_002_excursion_lake_blocked,set_done_event_week_002_excursion_lake_blocked|obedience_plus_1|trust_plus_1,card_type_excursion,Blocked,card_excursion_lake_week_002
event_week_002_excursion_lake_direct,week_002,routine,0,lake Direct,10,step_event_week_002_excursion_lake_direct,set_done_event_week_002_excursion_lake_direct|curiosity_plus_1|trust_plus_1,card_type_excursion,Direct,card_excursion_lake_week_002
event_week_003_excursion_lake_blocked,week_003,routine,0,lake Blocked,10,step_event_week_003_excursion_lake_blocked,set_done_event_week_003_excursion_lake_blocked|obedience_plus_1|anxiety_plus_1,card_type_excursion,Blocked,card_excursion_lake_week_003
event_week_003_excursion_lake_direct,week_003,routine,0,lake Direct,10,step_event_week_003_excursion_lake_direct,set_done_event_week_003_excursion_lake_direct|curiosity_plus_1|trust_plus_1,card_type_excursion,Direct,card_excursion_lake_week_003
event_week_001_excursion_basement_blocked,week_001,routine,0,basement Blocked,10,step_event_week_001_excursion_basement_blocked,set_done_event_week_001_excursion_basement_blocked|anxiety_plus_1|obedience_plus_1,card_type_excursion,Blocked,card_excursion_basement_week_001
event_week_001_excursion_basement_direct,week_001,routine,0,basement Direct,10,step_event_week_001_excursion_basement_direct,set_done_event_week_001_excursion_basement_direct|curiosity_plus_1|trust_plus_1|obedience_plus_1,card_type_excursion,Direct,card_excursion_basement_week_001
event_week_002_excursion_basement_blocked,week_002,routine,0,basement Blocked,10,step_event_week_002_excursion_basement_blocked,set_done_event_week_002_excursion_basement_blocked|obedience_plus_1|trust_plus_1,card_type_excursion,Blocked,card_excursion_basement_week_002
event_week_002_excursion_basement_direct,week_002,routine,0,basement Direct,10,step_event_week_002_excursion_basement_direct,set_done_event_week_002_excursion_basement_direct|curiosity_plus_1|trust_plus_1|obedience_plus_1,card_type_excursion,Direct,card_excursion_basement_week_002
event_week_003_excursion_basement_blocked,week_003,routine,0,basement Blocked,10,step_event_week_003_excursion_basement_blocked,set_done_event_week_003_excursion_basement_blocked|curiosity_plus_1|obedience_plus_1,card_type_excursion,Blocked,card_excursion_basement_week_003
event_week_003_excursion_basement_direct,week_003,routine,0,basement Direct,10,step_event_week_003_excursion_basement_direct,set_done_event_week_003_excursion_basement_direct|curiosity_plus_1|trust_plus_1,card_type_excursion,Direct,card_excursion_basement_week_003
event_week_001_excursion_library_blocked,week_001,routine,0,library Blocked,10,step_event_week_001_excursion_library_blocked,set_done_event_week_001_excursion_library_blocked|anxiety_plus_1|obedience_plus_1|trust_plus_1,card_type_excursion,Blocked,card_excursion_library_week_001
event_week_001_excursion_library_direct,week_001,routine,0,library Direct,10,step_event_week_001_excursion_library_direct,set_done_event_week_001_excursion_library_direct|curiosity_plus_1|trust_plus_1,card_type_excursion,Direct,card_excursion_library_week_001
event_week_002_excursion_library_blocked,week_002,routine,0,library Blocked,10,step_event_week_002_excursion_library_blocked,set_done_event_week_002_excursion_library_blocked|obedience_plus_1|trust_plus_1,card_type_excursion,Blocked,card_excursion_library_week_002
event_week_002_excursion_library_direct,week_002,routine,0,library Direct,10,step_event_week_002_excursion_library_direct,set_done_event_week_002_excursion_library_direct|curiosity_plus_1|trust_plus_1,card_type_excursion,Direct,card_excursion_library_week_002
event_week_003_excursion_library_blocked,week_003,routine,0,library Blocked,10,step_event_week_003_excursion_library_blocked,set_done_event_week_003_excursion_library_blocked|curiosity_plus_1|obedience_plus_1,card_type_excursion,Blocked,card_excursion_library_week_003
event_week_003_excursion_library_direct,week_003,routine,0,library Direct,10,step_event_week_003_excursion_library_direct,set_done_event_week_003_excursion_library_direct|curiosity_plus_1|trust_plus_1,card_type_excursion,Direct,card_excursion_library_week_003
event_week_001_excursion_study_blocked,week_001,routine,0,study Blocked,10,step_event_week_001_excursion_study_blocked,set_done_event_week_001_excursion_study_blocked|obedience_plus_1,card_type_excursion,Blocked,card_excursion_study_week_001
event_week_001_excursion_study_direct,week_001,routine,0,study Direct,10,step_event_week_001_excursion_study_direct,set_done_event_week_001_excursion_study_direct|curiosity_plus_1,card_type_excursion,Direct,card_excursion_study_week_001
event_week_002_excursion_study_blocked,week_002,routine,0,study Blocked,10,step_event_week_002_excursion_study_blocked,set_done_event_week_002_excursion_study_blocked,card_type_excursion,Blocked,card_excursion_study_week_002
event_week_002_excursion_study_direct,week_002,routine,0,study Direct,10,step_event_week_002_excursion_study_direct,set_done_event_week_002_excursion_study_direct|curiosity_plus_1,card_type_excursion,Direct,card_excursion_study_week_002
event_week_003_excursion_study_blocked,week_003,routine,0,study Blocked,10,step_event_week_003_excursion_study_blocked,set_done_event_week_003_excursion_study_blocked|obedience_plus_1|curiosity_plus_1,card_type_excursion,Blocked,card_excursion_study_week_003
event_week_003_excursion_study_direct,week_003,routine,0,study Direct,10,step_event_week_003_excursion_study_direct,set_done_event_week_003_excursion_study_direct|curiosity_plus_1|trust_plus_1,card_type_excursion,Direct,card_excursion_study_week_003
event_week_001_visitor_cousin_1_blocked,week_001,routine,0,cousin_1 Blocked,10,step_event_week_001_visitor_cousin_1_blocked,set_done_event_week_001_visitor_cousin_1_blocked|obedience_plus_1,card_type_visitor,Blocked,card_visitor_cousin_1_week_001
event_week_001_visitor_cousin_1_direct,week_001,routine,0,cousin_1 Direct,10,step_event_week_001_visitor_cousin_1_direct,set_done_event_week_001_visitor_cousin_1_direct|trust_plus_1,card_type_visitor,Direct,card_visitor_cousin_1_week_001
event_week_002_visitor_cousin_1_blocked,week_002,routine,0,cousin_1 Blocked,10,step_event_week_002_visitor_cousin_1_blocked,set_done_event_week_002_visitor_cousin_1_blocked|obedience_plus_1,card_type_visitor,Blocked,card_visitor_cousin_1_week_002
event_week_002_visitor_cousin_1_direct,week_002,routine,0,cousin_1 Direct,10,step_event_week_002_visitor_cousin_1_direct,set_done_event_week_002_visitor_cousin_1_direct|curiosity_plus_1|trust_plus_1,card_type_visitor,Direct,card_visitor_cousin_1_week_002
event_week_003_visitor_cousin_1_blocked,week_003,routine,0,cousin_1 Blocked,10,step_event_week_003_visitor_cousin_1_blocked,set_done_event_week_003_visitor_cousin_1_blocked|curiosity_plus_1|obedience_plus_1,card_type_visitor,Blocked,card_visitor_cousin_1_week_003
event_week_003_visitor_cousin_1_direct,week_003,routine,0,cousin_1 Direct,10,step_event_week_003_visitor_cousin_1_direct,set_done_event_week_003_visitor_cousin_1_direct|curiosity_plus_1|trust_plus_1,card_type_visitor,Direct,card_visitor_cousin_1_week_003
event_week_001_visitor_cousin_2_blocked,week_001,routine,0,cousin_2 Blocked,10,step_event_week_001_visitor_cousin_2_blocked,set_done_event_week_001_visitor_cousin_2_blocked|obedience_plus_1|trust_plus_1,card_type_visitor,Blocked,card_visitor_cousin_2_week_001
event_week_001_visitor_cousin_2_direct,week_001,routine,0,cousin_2 Direct,10,step_event_week_001_visitor_cousin_2_direct,set_done_event_week_001_visitor_cousin_2_direct|curiosity_plus_1|trust_plus_1|set_cousin_2_acquainted,card_type_visitor,Direct,card_visitor_cousin_2_week_001
event_week_002_visitor_cousin_2_blocked,week_002,routine,0,cousin_2 Blocked,10,step_event_week_002_visitor_cousin_2_blocked,set_done_event_week_002_visitor_cousin_2_blocked|obedience_plus_1|trust_plus_1,card_type_visitor,Blocked,card_visitor_cousin_2_week_002
event_week_002_visitor_cousin_2_direct,week_002,routine,0,cousin_2 Direct,10,step_event_week_002_visitor_cousin_2_direct,set_done_event_week_002_visitor_cousin_2_direct|trust_plus_1|set_cousin_2_acquainted,card_type_visitor,Direct,card_visitor_cousin_2_week_002
event_week_003_visitor_cousin_2_blocked,week_003,routine,0,cousin_2 Blocked,10,step_event_week_003_visitor_cousin_2_blocked,set_done_event_week_003_visitor_cousin_2_blocked|anxiety_plus_1|curiosity_plus_1,card_type_visitor,Blocked,card_visitor_cousin_2_week_003
event_week_003_visitor_cousin_2_direct,week_003,routine,0,cousin_2 Direct,10,step_event_week_003_visitor_cousin_2_direct,set_done_event_week_003_visitor_cousin_2_direct|trust_plus_1|curiosity_plus_1|set_cousin_2_acquainted,card_type_visitor,Direct,card_visitor_cousin_2_week_003
event_week_001_visitor_friend_1_blocked,week_001,routine,0,friend_1 Blocked,10,step_event_week_001_visitor_friend_1_blocked,set_done_event_week_001_visitor_friend_1_blocked|obedience_plus_1|trust_plus_1,card_type_visitor,Blocked,card_visitor_friend_1_week_001
event_week_001_visitor_friend_1_direct,week_001,routine,0,friend_1 Direct,10,step_event_week_001_visitor_friend_1_direct,set_done_event_week_001_visitor_friend_1_direct|curiosity_plus_1|trust_plus_1|set_friend_1_acquainted,card_type_visitor,Direct,card_visitor_friend_1_week_001
event_week_002_visitor_friend_1_blocked,week_002,routine,0,friend_1 Blocked,10,step_event_week_002_visitor_friend_1_blocked,set_done_event_week_002_visitor_friend_1_blocked|trust_plus_1,card_type_visitor,Blocked,card_visitor_friend_1_week_002
event_week_002_visitor_friend_1_direct,week_002,routine,0,friend_1 Direct,10,step_event_week_002_visitor_friend_1_direct,set_done_event_week_002_visitor_friend_1_direct|curiosity_plus_1|trust_plus_1|set_friend_1_acquainted,card_type_visitor,Direct,card_visitor_friend_1_week_002
event_week_003_visitor_friend_1_blocked,week_003,routine,0,friend_1 Blocked,10,step_event_week_003_visitor_friend_1_blocked,set_done_event_week_003_visitor_friend_1_blocked|obedience_plus_1|trust_plus_1,card_type_visitor,Blocked,card_visitor_friend_1_week_003
event_week_003_visitor_friend_1_direct,week_003,routine,0,friend_1 Direct,10,step_event_week_003_visitor_friend_1_direct,set_done_event_week_003_visitor_friend_1_direct|curiosity_plus_1|trust_plus_1|set_friend_1_acquainted,card_type_visitor,Direct,card_visitor_friend_1_week_003
event_week_001_visitor_friend_2_blocked,week_001,routine,0,friend_2 Blocked,10,step_event_week_001_visitor_friend_2_blocked,set_done_event_week_001_visitor_friend_2_blocked|obedience_plus_1|trust_plus_1,card_type_visitor,Blocked,card_visitor_friend_2_week_001
event_week_001_visitor_friend_2_direct,week_001,routine,0,friend_2 Direct,10,step_event_week_001_visitor_friend_2_direct,set_done_event_week_001_visitor_friend_2_direct|curiosity_plus_1|trust_plus_1|set_friend_2_acquainted,card_type_visitor,Direct,card_visitor_friend_2_week_001
event_week_002_visitor_friend_2_blocked,week_002,routine,0,friend_2 Blocked,10,step_event_week_002_visitor_friend_2_blocked,set_done_event_week_002_visitor_friend_2_blocked,card_type_visitor,Blocked,card_visitor_friend_2_week_002
event_week_002_visitor_friend_2_direct,week_002,routine,0,friend_2 Direct,10,step_event_week_002_visitor_friend_2_direct,set_done_event_week_002_visitor_friend_2_direct|trust_plus_1|set_friend_2_acquainted,card_type_visitor,Direct,card_visitor_friend_2_week_002
event_week_003_visitor_friend_2_blocked,week_003,routine,0,friend_2 Blocked,10,step_event_week_003_visitor_friend_2_blocked,set_done_event_week_003_visitor_friend_2_blocked|anxiety_plus_1|curiosity_plus_1,card_type_visitor,Blocked,card_visitor_friend_2_week_003
event_week_003_visitor_friend_2_direct,week_003,routine,0,friend_2 Direct,10,step_event_week_003_visitor_friend_2_direct,set_done_event_week_003_visitor_friend_2_direct|trust_plus_1|curiosity_plus_1|set_friend_2_acquainted,card_type_visitor,Direct,card_visitor_friend_2_week_003
event_week_001_visitor_friend_3_blocked,week_001,routine,0,friend_3 Blocked,10,step_event_week_001_visitor_friend_3_blocked,set_done_event_week_001_visitor_friend_3_blocked|obedience_plus_1|trust_plus_1,card_type_visitor,Blocked,card_visitor_friend_3_week_001
event_week_001_visitor_friend_3_direct,week_001,routine,0,friend_3 Direct,10,step_event_week_001_visitor_friend_3_direct,set_done_event_week_001_visitor_friend_3_direct|curiosity_plus_1|trust_plus_1|set_friend_3_acquainted,card_type_visitor,Direct,card_visitor_friend_3_week_001
event_week_002_visitor_friend_3_blocked,week_002,routine,0,friend_3 Blocked,10,step_event_week_002_visitor_friend_3_blocked,set_done_event_week_002_visitor_friend_3_blocked|trust_plus_1,card_type_visitor,Blocked,card_visitor_friend_3_week_002
event_week_002_visitor_friend_3_direct,week_002,routine,0,friend_3 Direct,10,step_event_week_002_visitor_friend_3_direct,set_done_event_week_002_visitor_friend_3_direct|curiosity_plus_1|set_friend_3_acquainted,card_type_visitor,Direct,card_visitor_friend_3_week_002
event_week_003_visitor_friend_3_blocked,week_003,routine,0,friend_3 Blocked,10,step_event_week_003_visitor_friend_3_blocked,set_done_event_week_003_visitor_friend_3_blocked|trust_plus_1,card_type_visitor,Blocked,card_visitor_friend_3_week_003
event_week_003_visitor_friend_3_direct,week_003,routine,0,friend_3 Direct,10,step_event_week_003_visitor_friend_3_direct,set_done_event_week_003_visitor_friend_3_direct|curiosity_plus_1|trust_plus_1|set_friend_3_acquainted,card_type_visitor,Direct,card_visitor_friend_3_week_003
event_week_002_letter_friend_1_blocked,week_002,routine,0,friend_1 Blocked,10,step_event_week_002_letter_friend_1_blocked,set_done_event_week_002_letter_friend_1_blocked,card_type_letter,Blocked,card_letter_friend_1_week_002
event_week_002_letter_friend_1_direct,week_002,routine,0,friend_1 Direct,10,step_event_week_002_letter_friend_1_direct,set_done_event_week_002_letter_friend_1_direct|trust_plus_1|curiosity_plus_1|set_friend_1_acquainted,card_type_letter,Direct,card_letter_friend_1_week_002
event_week_002_letter_friend_1_modified,week_002,routine,0,friend_1 Modified,10,step_event_week_002_letter_friend_1_modified,set_done_event_week_002_letter_friend_1_modified|trust_plus_1|curiosity_plus_1,card_type_letter,Modified,card_letter_friend_1_week_002
event_week_003_letter_friend_1_blocked,week_003,routine,0,friend_1 Blocked,10,step_event_week_003_letter_friend_1_blocked,set_done_event_week_003_letter_friend_1_blocked,card_type_letter,Blocked,card_letter_friend_1_week_003
event_week_003_letter_friend_1_direct,week_003,routine,0,friend_1 Direct,10,step_event_week_003_letter_friend_1_direct,set_done_event_week_003_letter_friend_1_direct|trust_plus_1|curiosity_plus_1|set_friend_1_acquainted,card_type_letter,Direct,card_letter_friend_1_week_003
event_week_003_letter_friend_1_modified,week_003,routine,0,friend_1 Modified,10,step_event_week_003_letter_friend_1_modified,set_done_event_week_003_letter_friend_1_modified|trust_plus_1|curiosity_plus_1,card_type_letter,Modified,card_letter_friend_1_week_003
event_week_002_letter_friend_2_blocked,week_002,routine,0,friend_2 Blocked,10,step_event_week_002_letter_friend_2_blocked,set_done_event_week_002_letter_friend_2_blocked,card_type_letter,Blocked,card_letter_friend_2_week_002
event_week_002_letter_friend_2_direct,week_002,routine,0,friend_2 Direct,10,step_event_week_002_letter_friend_2_direct,set_done_event_week_002_letter_friend_2_direct|curiosity_plus_1|trust_plus_1|set_friend_2_acquainted,card_type_letter,Direct,card_letter_friend_2_week_002
event_week_002_letter_friend_2_modified,week_002,routine,0,friend_2 Modified,10,step_event_week_002_letter_friend_2_modified,set_done_event_week_002_letter_friend_2_modified|trust_plus_1|obedience_plus_1,card_type_letter,Modified,card_letter_friend_2_week_002
event_week_003_letter_friend_2_blocked,week_003,routine,0,friend_2 Blocked,10,step_event_week_003_letter_friend_2_blocked,set_done_event_week_003_letter_friend_2_blocked,card_type_letter,Blocked,card_letter_friend_2_week_003
event_week_003_letter_friend_2_direct,week_003,routine,0,friend_2 Direct,10,step_event_week_003_letter_friend_2_direct,set_done_event_week_003_letter_friend_2_direct|curiosity_plus_1|trust_plus_1|set_friend_2_acquainted,card_type_letter,Direct,card_letter_friend_2_week_003
event_week_003_letter_friend_2_modified,week_003,routine,0,friend_2 Modified,10,step_event_week_003_letter_friend_2_modified,set_done_event_week_003_letter_friend_2_modified|trust_plus_1|obedience_plus_1,card_type_letter,Modified,card_letter_friend_2_week_003
event_week_003_letter_friend_2_blocked_2,week_003,routine,0,friend_2 Blocked,10,step_event_week_003_letter_friend_2_blocked_2,set_done_event_week_003_letter_friend_2_blocked_2,card_type_letter,Blocked,card_letter_friend_2_week_003
event_week_003_letter_friend_2_direct_2,week_003,routine,0,friend_2 Direct,10,step_event_week_003_letter_friend_2_direct_2,set_done_event_week_003_letter_friend_2_direct_2|trust_plus_1|curiosity_plus_1|set_friend_2_acquainted,card_type_letter,Direct,card_letter_friend_2_week_003
event_week_003_letter_friend_2_modified_2,week_003,routine,0,friend_2 Modified,10,step_event_week_003_letter_friend_2_modified_2,set_done_event_week_003_letter_friend_2_modified_2|trust_plus_1|obedience_plus_1,card_type_letter,Modified,card_letter_friend_2_week_003
event_week_002_letter_friend_3_blocked,week_002,routine,0,friend_3 Blocked,10,step_event_week_002_letter_friend_3_blocked,set_done_event_week_002_letter_friend_3_blocked,card_type_letter,Blocked,card_letter_friend_3_week_002
event_week_002_letter_friend_3_direct,week_002,routine,0,friend_3 Direct,10,step_event_week_002_letter_friend_3_direct,set_done_event_week_002_letter_friend_3_direct|curiosity_plus_1|trust_plus_1|set_friend_3_acquainted,card_type_letter,Direct,card_letter_friend_3_week_002
event_week_002_letter_friend_3_modified,week_002,routine,0,friend_3 Modified,10,step_event_week_002_letter_friend_3_modified,set_done_event_week_002_letter_friend_3_modified|curiosity_plus_1|trust_plus_1,card_type_letter,Modified,card_letter_friend_3_week_002
event_week_003_letter_friend_3_blocked,week_003,routine,0,friend_3 Blocked,10,step_event_week_003_letter_friend_3_blocked,set_done_event_week_003_letter_friend_3_blocked,card_type_letter,Blocked,card_letter_friend_3_week_003
event_week_003_letter_friend_3_direct,week_003,routine,0,friend_3 Direct,10,step_event_week_003_letter_friend_3_direct,set_done_event_week_003_letter_friend_3_direct|curiosity_plus_1|trust_plus_1|set_friend_3_acquainted,card_type_letter,Direct,card_letter_friend_3_week_003
event_week_003_letter_friend_3_modified,week_003,routine,0,friend_3 Modified,10,step_event_week_003_letter_friend_3_modified,set_done_event_week_003_letter_friend_3_modified|curiosity_plus_1|trust_plus_1,card_type_letter,Modified,card_letter_friend_3_week_003
event_week_002_letter_cousin_2_blocked,week_002,routine,0,cousin_2 Blocked,10,step_event_week_002_letter_cousin_2_blocked,set_done_event_week_002_letter_cousin_2_blocked,card_type_letter,Blocked,card_letter_cousin_2_week_002
event_week_002_letter_cousin_2_direct,week_002,routine,0,cousin_2 Direct,10,step_event_week_002_letter_cousin_2_direct,set_done_event_week_002_letter_cousin_2_direct|trust_plus_1|curiosity_plus_1|set_cousin_2_acquainted,card_type_letter,Direct,card_letter_cousin_2_week_002
event_week_002_letter_cousin_2_modified,week_002,routine,0,cousin_2 Modified,10,step_event_week_002_letter_cousin_2_modified,set_done_event_week_002_letter_cousin_2_modified|trust_plus_1|obedience_plus_1,card_type_letter,Modified,card_letter_cousin_2_week_002
event_week_003_letter_cousin_2_blocked,week_003,routine,0,cousin_2 Blocked,10,step_event_week_003_letter_cousin_2_blocked,set_done_event_week_003_letter_cousin_2_blocked,card_type_letter,Blocked,card_letter_cousin_2_week_003
event_week_003_letter_cousin_2_direct,week_003,routine,0,cousin_2 Direct,10,step_event_week_003_letter_cousin_2_direct,set_done_event_week_003_letter_cousin_2_direct|trust_plus_1|curiosity_plus_1|set_cousin_2_acquainted,card_type_letter,Direct,card_letter_cousin_2_week_003
event_week_003_letter_cousin_2_modified,week_003,routine,0,cousin_2 Modified,10,step_event_week_003_letter_cousin_2_modified,set_done_event_week_003_letter_cousin_2_modified|trust_plus_1|obedience_plus_1,card_type_letter,Modified,card_letter_cousin_2_week_003
event_week_001_house_talk_호수_관련_소문_blocked,week_001,routine,0,호수_관련_소문 Blocked,10,step_event_week_001_house_talk_호수_관련_소문_blocked,set_done_event_week_001_house_talk_호수_관련_소문_blocked|obedience_plus_1,card_type_house_talk,Blocked,card_house_talk_week_001
event_week_001_house_talk_호수_관련_소문_direct,week_001,routine,0,호수_관련_소문 Direct,10,step_event_week_001_house_talk_호수_관련_소문_direct,set_done_event_week_001_house_talk_호수_관련_소문_direct|anxiety_plus_1|curiosity_plus_1,card_type_house_talk,Direct,card_house_talk_week_001
event_week_001_house_talk_호수_관련_소문_modified,week_001,routine,0,호수_관련_소문 Modified,10,step_event_week_001_house_talk_호수_관련_소문_modified,set_done_event_week_001_house_talk_호수_관련_소문_modified|anxiety_plus_1|trust_plus_1,card_type_house_talk,Modified,card_house_talk_week_001
event_week_001_house_talk_내서재_관련_소문_blocked,week_001,routine,0,내서재_관련_소문 Blocked,10,step_event_week_001_house_talk_내서재_관련_소문_blocked,set_done_event_week_001_house_talk_내서재_관련_소문_blocked|anxiety_plus_1|curiosity_plus_1,card_type_house_talk,Blocked,card_house_talk_week_001
event_week_001_house_talk_내서재_관련_소문_direct,week_001,routine,0,내서재_관련_소문 Direct,10,step_event_week_001_house_talk_내서재_관련_소문_direct,set_done_event_week_001_house_talk_내서재_관련_소문_direct|trust_plus_1|curiosity_plus_1,card_type_house_talk,Direct,card_house_talk_week_001
event_week_001_house_talk_내서재_관련_소문_modified,week_001,routine,0,내서재_관련_소문 Modified,10,step_event_week_001_house_talk_내서재_관련_소문_modified,set_done_event_week_001_house_talk_내서재_관련_소문_modified|trust_plus_1|obedience_plus_1,card_type_house_talk,Modified,card_house_talk_week_001
event_week_001_house_talk_사촌1_관련_소문_blocked,week_001,routine,0,사촌1_관련_소문 Blocked,10,step_event_week_001_house_talk_사촌1_관련_소문_blocked,set_done_event_week_001_house_talk_사촌1_관련_소문_blocked|curiosity_plus_1|anxiety_plus_1,card_type_house_talk,Blocked,card_house_talk_week_001
event_week_001_house_talk_사촌1_관련_소문_direct,week_001,routine,0,사촌1_관련_소문 Direct,10,step_event_week_001_house_talk_사촌1_관련_소문_direct,set_done_event_week_001_house_talk_사촌1_관련_소문_direct|curiosity_plus_1|trust_plus_1,card_type_house_talk,Direct,card_house_talk_week_001
event_week_001_house_talk_사촌1_관련_소문_modified,week_001,routine,0,사촌1_관련_소문 Modified,10,step_event_week_001_house_talk_사촌1_관련_소문_modified,set_done_event_week_001_house_talk_사촌1_관련_소문_modified|trust_plus_1|obedience_plus_1,card_type_house_talk,Modified,card_house_talk_week_001
event_week_001_house_talk_후문_바람_관련_소문_blocked,week_001,routine,0,후문_바람_관련_소문 Blocked,10,step_event_week_001_house_talk_후문_바람_관련_소문_blocked,set_done_event_week_001_house_talk_후문_바람_관련_소문_blocked|curiosity_plus_1|anxiety_plus_1,card_type_house_talk,Blocked,card_house_talk_week_001
event_week_001_house_talk_후문_바람_관련_소문_direct,week_001,routine,0,후문_바람_관련_소문 Direct,10,step_event_week_001_house_talk_후문_바람_관련_소문_direct,set_done_event_week_001_house_talk_후문_바람_관련_소문_direct|curiosity_plus_1|trust_plus_1,card_type_house_talk,Direct,card_house_talk_week_001
event_week_002_house_talk_주방의_설탕_소문_blocked,week_002,routine,0,주방의_설탕_소문 Blocked,10,step_event_week_002_house_talk_주방의_설탕_소문_blocked,set_done_event_week_002_house_talk_주방의_설탕_소문_blocked|curiosity_plus_1,card_type_house_talk,Blocked,card_house_talk_week_002
event_week_002_house_talk_주방의_설탕_소문_direct,week_002,routine,0,주방의_설탕_소문 Direct,10,step_event_week_002_house_talk_주방의_설탕_소문_direct,set_done_event_week_002_house_talk_주방의_설탕_소문_direct|curiosity_plus_1|trust_plus_1,card_type_house_talk,Direct,card_house_talk_week_002
event_week_002_house_talk_주방의_설탕_소문_modified,week_002,routine,0,주방의_설탕_소문 Modified,10,step_event_week_002_house_talk_주방의_설탕_소문_modified,set_done_event_week_002_house_talk_주방의_설탕_소문_modified|trust_plus_1|curiosity_plus_1,card_type_house_talk,Modified,card_house_talk_week_002
event_week_002_house_talk_세탁실_리본_소문_blocked,week_002,routine,0,세탁실_리본_소문 Blocked,10,step_event_week_002_house_talk_세탁실_리본_소문_blocked,set_done_event_week_002_house_talk_세탁실_리본_소문_blocked|curiosity_plus_1|anxiety_plus_1,card_type_house_talk,Blocked,card_house_talk_week_002
event_week_002_house_talk_세탁실_리본_소문_direct,week_002,routine,0,세탁실_리본_소문 Direct,10,step_event_week_002_house_talk_세탁실_리본_소문_direct,set_done_event_week_002_house_talk_세탁실_리본_소문_direct|curiosity_plus_1|anxiety_plus_1,card_type_house_talk,Direct,card_house_talk_week_002
event_week_002_house_talk_세탁실_리본_소문_modified,week_002,routine,0,세탁실_리본_소문 Modified,10,step_event_week_002_house_talk_세탁실_리본_소문_modified,set_done_event_week_002_house_talk_세탁실_리본_소문_modified|trust_plus_1|curiosity_plus_1,card_type_house_talk,Modified,card_house_talk_week_002
event_week_002_house_talk_응접실_찻잔_소문_blocked,week_002,routine,0,응접실_찻잔_소문 Blocked,10,step_event_week_002_house_talk_응접실_찻잔_소문_blocked,set_done_event_week_002_house_talk_응접실_찻잔_소문_blocked|obedience_plus_1|curiosity_plus_1,card_type_house_talk,Blocked,card_house_talk_week_002
event_week_002_house_talk_응접실_찻잔_소문_direct,week_002,routine,0,응접실_찻잔_소문 Direct,10,step_event_week_002_house_talk_응접실_찻잔_소문_direct,set_done_event_week_002_house_talk_응접실_찻잔_소문_direct|curiosity_plus_1|trust_plus_1,card_type_house_talk,Direct,card_house_talk_week_002
event_week_002_house_talk_응접실_찻잔_소문_modified,week_002,routine,0,응접실_찻잔_소문 Modified,10,step_event_week_002_house_talk_응접실_찻잔_소문_modified,set_done_event_week_002_house_talk_응접실_찻잔_소문_modified|trust_plus_1|obedience_plus_1,card_type_house_talk,Modified,card_house_talk_week_002
event_week_002_house_talk_시계탑_종소리_소문_blocked,week_002,routine,0,시계탑_종소리_소문 Blocked,10,step_event_week_002_house_talk_시계탑_종소리_소문_blocked,set_done_event_week_002_house_talk_시계탑_종소리_소문_blocked|anxiety_plus_1|curiosity_plus_1,card_type_house_talk,Blocked,card_house_talk_week_002
event_week_002_house_talk_시계탑_종소리_소문_direct,week_002,routine,0,시계탑_종소리_소문 Direct,10,step_event_week_002_house_talk_시계탑_종소리_소문_direct,set_done_event_week_002_house_talk_시계탑_종소리_소문_direct|anxiety_plus_1|curiosity_plus_1,card_type_house_talk,Direct,card_house_talk_week_002
event_week_002_house_talk_시계탑_종소리_소문_modified,week_002,routine,0,시계탑_종소리_소문 Modified,10,step_event_week_002_house_talk_시계탑_종소리_소문_modified,set_done_event_week_002_house_talk_시계탑_종소리_소문_modified|trust_plus_1|curiosity_plus_1,card_type_house_talk,Modified,card_house_talk_week_002
event_week_003_house_talk_다락_창문_소문_blocked,week_003,routine,0,다락_창문_소문 Blocked,10,step_event_week_003_house_talk_다락_창문_소문_blocked,set_done_event_week_003_house_talk_다락_창문_소문_blocked|curiosity_plus_1|anxiety_plus_1,card_type_house_talk,Blocked,card_house_talk_week_003
event_week_003_house_talk_다락_창문_소문_direct,week_003,routine,0,다락_창문_소문 Direct,10,step_event_week_003_house_talk_다락_창문_소문_direct,set_done_event_week_003_house_talk_다락_창문_소문_direct|curiosity_plus_1|trust_plus_1,card_type_house_talk,Direct,card_house_talk_week_003
event_week_003_house_talk_다락_창문_소문_modified,week_003,routine,0,다락_창문_소문 Modified,10,step_event_week_003_house_talk_다락_창문_소문_modified,set_done_event_week_003_house_talk_다락_창문_소문_modified|trust_plus_1|obedience_plus_1,card_type_house_talk,Modified,card_house_talk_week_003
event_week_003_house_talk_온실_유리_소문_blocked,week_003,routine,0,온실_유리_소문 Blocked,10,step_event_week_003_house_talk_온실_유리_소문_blocked,set_done_event_week_003_house_talk_온실_유리_소문_blocked|anxiety_plus_1|curiosity_plus_1,card_type_house_talk,Blocked,card_house_talk_week_003
event_week_003_house_talk_온실_유리_소문_direct,week_003,routine,0,온실_유리_소문 Direct,10,step_event_week_003_house_talk_온실_유리_소문_direct,set_done_event_week_003_house_talk_온실_유리_소문_direct|curiosity_plus_1|trust_plus_1,card_type_house_talk,Direct,card_house_talk_week_003
event_week_003_house_talk_온실_유리_소문_modified,week_003,routine,0,온실_유리_소문 Modified,10,step_event_week_003_house_talk_온실_유리_소문_modified,set_done_event_week_003_house_talk_온실_유리_소문_modified|trust_plus_1|curiosity_plus_1,card_type_house_talk,Modified,card_house_talk_week_003
event_week_003_house_talk_분수대_물고기_소문_blocked,week_003,routine,0,분수대_물고기_소문 Blocked,10,step_event_week_003_house_talk_분수대_물고기_소문_blocked,set_done_event_week_003_house_talk_분수대_물고기_소문_blocked|curiosity_plus_1|obedience_plus_1,card_type_house_talk,Blocked,card_house_talk_week_003
event_week_003_house_talk_분수대_물고기_소문_direct,week_003,routine,0,분수대_물고기_소문 Direct,10,step_event_week_003_house_talk_분수대_물고기_소문_direct,set_done_event_week_003_house_talk_분수대_물고기_소문_direct|curiosity_plus_1|anxiety_plus_1,card_type_house_talk,Direct,card_house_talk_week_003
event_week_003_house_talk_분수대_물고기_소문_modified,week_003,routine,0,분수대_물고기_소문 Modified,10,step_event_week_003_house_talk_분수대_물고기_소문_modified,set_done_event_week_003_house_talk_분수대_물고기_소문_modified|trust_plus_1|curiosity_plus_1,card_type_house_talk,Modified,card_house_talk_week_003
event_week_003_house_talk_촛대_소문_blocked,week_003,routine,0,촛대_소문 Blocked,10,step_event_week_003_house_talk_촛대_소문_blocked,set_done_event_week_003_house_talk_촛대_소문_blocked|curiosity_plus_1,card_type_house_talk,Blocked,card_house_talk_week_003
event_week_003_house_talk_촛대_소문_direct,week_003,routine,0,촛대_소문 Direct,10,step_event_week_003_house_talk_촛대_소문_direct,set_done_event_week_003_house_talk_촛대_소문_direct|anxiety_plus_1|curiosity_plus_1,card_type_house_talk,Direct,card_house_talk_week_003
event_week_003_house_talk_촛대_소문_modified,week_003,routine,0,촛대_소문 Modified,10,step_event_week_003_house_talk_촛대_소문_modified,set_done_event_week_003_house_talk_촛대_소문_modified|trust_plus_1|obedience_plus_1,card_type_house_talk,Modified,card_house_talk_week_003
event_week_001_external_w001_blocked,week_001,routine,0,w001 Blocked,10,step_event_week_001_external_w001_blocked,set_done_event_week_001_external_w001_blocked,card_type_external_info,Blocked,card_external_week_001
event_week_001_external_w001_direct,week_001,routine,0,w001 Direct,10,step_event_week_001_external_w001_direct,set_done_event_week_001_external_w001_direct,card_type_external_info,Direct,card_external_week_001
event_week_002_external_w002_blocked,week_002,routine,0,w002 Blocked,10,step_event_week_002_external_w002_blocked,set_done_event_week_002_external_w002_blocked,card_type_external_info,Blocked,card_external_week_002
event_week_002_external_w002_direct,week_002,routine,0,w002 Direct,10,step_event_week_002_external_w002_direct,set_done_event_week_002_external_w002_direct,card_type_external_info,Direct,card_external_week_002
event_week_003_external_w003_blocked,week_003,routine,0,w003 Blocked,10,step_event_week_003_external_w003_blocked,set_done_event_week_003_external_w003_blocked|obedience_plus_1|curiosity_plus_1,card_type_external_info,Blocked,card_external_week_003
event_week_003_external_w003_direct,week_003,routine,0,w003 Direct,10,step_event_week_003_external_w003_direct,set_done_event_week_003_external_w003_direct|curiosity_plus_1|trust_plus_1,card_type_external_info,Direct,card_external_week_003
event_week_003_external_w003_modified,week_003,routine,0,w003 Modified,10,step_event_week_003_external_w003_modified,set_done_event_week_003_external_w003_modified|curiosity_plus_1|obedience_plus_1,card_type_external_info,Modified,card_external_week_003
event_week_003_external_w003_blocked_2,week_003,routine,0,w003 Blocked,10,step_event_week_003_external_w003_blocked_2,set_done_event_week_003_external_w003_blocked_2|anxiety_plus_1|curiosity_plus_1,card_type_external_info,Blocked,card_external_week_003
event_week_003_external_w003_direct_2,week_003,routine,0,w003 Direct,10,step_event_week_003_external_w003_direct_2,set_done_event_week_003_external_w003_direct_2|curiosity_plus_1|trust_plus_1,card_type_external_info,Direct,card_external_week_003
event_week_003_external_w003_modified_2,week_003,routine,0,w003 Modified,10,step_event_week_003_external_w003_modified_2,set_done_event_week_003_external_w003_modified_2|curiosity_plus_1|trust_plus_1,card_type_external_info,Modified,card_external_week_003
event_week_001_external_w001_blocked_2,week_001,routine,0,w001 Blocked,10,step_event_week_001_external_w001_blocked_2,set_done_event_week_001_external_w001_blocked_2|obedience_plus_1|trust_plus_1,card_type_external_info,Blocked,card_external_week_001
event_week_001_external_w001_direct_2,week_001,routine,0,w001 Direct,10,step_event_week_001_external_w001_direct_2,set_done_event_week_001_external_w001_direct_2|curiosity_plus_1|trust_plus_1,card_type_external_info,Direct,card_external_week_001
event_week_001_external_w001_blocked_3,week_001,routine,0,w001 Blocked,10,step_event_week_001_external_w001_blocked_3,set_done_event_week_001_external_w001_blocked_3|obedience_plus_1|trust_plus_1,card_type_external_info,Blocked,card_external_week_001
event_week_001_external_w001_direct_3,week_001,routine,0,w001 Direct,10,step_event_week_001_external_w001_direct_3,set_done_event_week_001_external_w001_direct_3|curiosity_plus_1|trust_plus_1,card_type_external_info,Direct,card_external_week_001
event_week_002_external_w002_blocked_2,week_002,routine,0,w002 Blocked,10,step_event_week_002_external_w002_blocked_2,set_done_event_week_002_external_w002_blocked_2,card_type_external_info,Blocked,card_external_week_002
event_week_002_external_w002_direct_2,week_002,routine,0,w002 Direct,10,step_event_week_002_external_w002_direct_2,set_done_event_week_002_external_w002_direct_2,card_type_external_info,Direct,card_external_week_002
event_week_003_external_w003_blocked_3,week_003,routine,0,w003 Blocked,10,step_event_week_003_external_w003_blocked_3,set_done_event_week_003_external_w003_blocked_3|curiosity_plus_1|obedience_plus_1,card_type_external_info,Blocked,card_external_week_003
event_week_003_external_w003_direct_3,week_003,routine,0,w003 Direct,10,step_event_week_003_external_w003_direct_3,set_done_event_week_003_external_w003_direct_3|curiosity_plus_1|trust_plus_1,card_type_external_info,Direct,card_external_week_003
event_week_003_external_w003_modified_3,week_003,routine,0,w003 Modified,10,step_event_week_003_external_w003_modified_3,set_done_event_week_003_external_w003_modified_3|curiosity_plus_1|trust_plus_1,card_type_external_info,Modified,card_external_week_003
event_week_004_excursion_garden_blocked,week_004,routine,0,garden Blocked,10,step_event_week_004_excursion_garden_blocked,set_done_event_week_004_excursion_garden_blocked|obedience_plus_1|curiosity_plus_1,card_type_excursion,Blocked,card_excursion_garden_week_004
event_week_004_excursion_garden_direct,week_004,routine,0,garden Direct,10,step_event_week_004_excursion_garden_direct,set_done_event_week_004_excursion_garden_direct|curiosity_plus_1|trust_plus_1,card_type_excursion,Direct,card_excursion_garden_week_004
event_week_005_excursion_garden_blocked,week_005,routine,0,garden Blocked,10,step_event_week_005_excursion_garden_blocked,set_done_event_week_005_excursion_garden_blocked|curiosity_plus_1|obedience_plus_1,card_type_excursion,Blocked,card_excursion_garden_week_005
event_week_005_excursion_garden_direct,week_005,routine,0,garden Direct,10,step_event_week_005_excursion_garden_direct,set_done_event_week_005_excursion_garden_direct|trust_plus_1,card_type_excursion,Direct,card_excursion_garden_week_005
event_week_006_excursion_garden_blocked,week_006,routine,0,garden Blocked,10,step_event_week_006_excursion_garden_blocked,set_done_event_week_006_excursion_garden_blocked|curiosity_plus_1|obedience_plus_1,card_type_excursion,Blocked,card_excursion_garden_week_006
event_week_006_excursion_garden_direct,week_006,routine,0,garden Direct,10,step_event_week_006_excursion_garden_direct,set_done_event_week_006_excursion_garden_direct|trust_plus_1|anxiety_plus_1,card_type_excursion,Direct,card_excursion_garden_week_006
event_week_004_excursion_lake_blocked,week_004,routine,0,lake Blocked,10,step_event_week_004_excursion_lake_blocked,set_done_event_week_004_excursion_lake_blocked|curiosity_plus_1|obedience_plus_1,card_type_excursion,Blocked,card_excursion_lake_week_004
event_week_004_excursion_lake_direct,week_004,routine,0,lake Direct,10,step_event_week_004_excursion_lake_direct,set_done_event_week_004_excursion_lake_direct|trust_plus_1|anxiety_plus_1,card_type_excursion,Direct,card_excursion_lake_week_004
event_week_005_excursion_lake_blocked,week_005,routine,0,lake Blocked,10,step_event_week_005_excursion_lake_blocked,set_done_event_week_005_excursion_lake_blocked|curiosity_plus_1|obedience_plus_1,card_type_excursion,Blocked,card_excursion_lake_week_005
event_week_005_excursion_lake_direct,week_005,routine,0,lake Direct,10,step_event_week_005_excursion_lake_direct,set_done_event_week_005_excursion_lake_direct|trust_plus_1|curiosity_plus_1,card_type_excursion,Direct,card_excursion_lake_week_005
event_week_006_excursion_lake_blocked,week_006,routine,0,lake Blocked,10,step_event_week_006_excursion_lake_blocked,set_done_event_week_006_excursion_lake_blocked|curiosity_plus_1|obedience_plus_1,card_type_excursion,Blocked,card_excursion_lake_week_006
event_week_006_excursion_lake_direct,week_006,routine,0,lake Direct,10,step_event_week_006_excursion_lake_direct,set_done_event_week_006_excursion_lake_direct|trust_plus_1|curiosity_plus_1,card_type_excursion,Direct,card_excursion_lake_week_006
event_week_004_excursion_basement_blocked,week_004,routine,0,basement Blocked,10,step_event_week_004_excursion_basement_blocked,set_done_event_week_004_excursion_basement_blocked|curiosity_plus_1|anxiety_plus_1,card_type_excursion,Blocked,card_excursion_basement_week_004
event_week_004_excursion_basement_direct,week_004,routine,0,basement Direct,10,step_event_week_004_excursion_basement_direct,set_done_event_week_004_excursion_basement_direct|trust_plus_1|curiosity_plus_1,card_type_excursion,Direct,card_excursion_basement_week_004
event_week_005_excursion_basement_blocked,week_005,routine,0,basement Blocked,10,step_event_week_005_excursion_basement_blocked,set_done_event_week_005_excursion_basement_blocked|curiosity_plus_1|anxiety_plus_1,card_type_excursion,Blocked,card_excursion_basement_week_005
event_week_005_excursion_basement_direct,week_005,routine,0,basement Direct,10,step_event_week_005_excursion_basement_direct,set_done_event_week_005_excursion_basement_direct|trust_plus_1|curiosity_plus_1,card_type_excursion,Direct,card_excursion_basement_week_005
event_week_006_excursion_basement_blocked,week_006,routine,0,basement Blocked,10,step_event_week_006_excursion_basement_blocked,set_done_event_week_006_excursion_basement_blocked|curiosity_plus_1|obedience_plus_1,card_type_excursion,Blocked,card_excursion_basement_week_006
event_week_006_excursion_basement_direct,week_006,routine,0,basement Direct,10,step_event_week_006_excursion_basement_direct,set_done_event_week_006_excursion_basement_direct|curiosity_plus_1|anxiety_plus_1,card_type_excursion,Direct,card_excursion_basement_week_006
event_week_004_excursion_library_blocked,week_004,routine,0,library Blocked,10,step_event_week_004_excursion_library_blocked,set_done_event_week_004_excursion_library_blocked|obedience_plus_1|anxiety_plus_1,card_type_excursion,Blocked,card_excursion_library_week_004
event_week_004_excursion_library_direct,week_004,routine,0,library Direct,10,step_event_week_004_excursion_library_direct,set_done_event_week_004_excursion_library_direct|curiosity_plus_1|trust_plus_1,card_type_excursion,Direct,card_excursion_library_week_004
event_week_005_excursion_library_blocked,week_005,routine,0,library Blocked,10,step_event_week_005_excursion_library_blocked,set_done_event_week_005_excursion_library_blocked|curiosity_plus_1|obedience_plus_1,card_type_excursion,Blocked,card_excursion_library_week_005
event_week_005_excursion_library_direct,week_005,routine,0,library Direct,10,step_event_week_005_excursion_library_direct,set_done_event_week_005_excursion_library_direct|curiosity_plus_1|trust_plus_1,card_type_excursion,Direct,card_excursion_library_week_005
event_week_006_excursion_library_blocked,week_006,routine,0,library Blocked,10,step_event_week_006_excursion_library_blocked,set_done_event_week_006_excursion_library_blocked|obedience_plus_1|anxiety_plus_1,card_type_excursion,Blocked,card_excursion_library_week_006
event_week_006_excursion_library_direct,week_006,routine,0,library Direct,10,step_event_week_006_excursion_library_direct,set_done_event_week_006_excursion_library_direct|trust_plus_1|obedience_plus_1,card_type_excursion,Direct,card_excursion_library_week_006
event_week_004_excursion_study_blocked,week_004,routine,0,study Blocked,10,step_event_week_004_excursion_study_blocked,set_done_event_week_004_excursion_study_blocked|obedience_plus_1|anxiety_plus_1,card_type_excursion,Blocked,card_excursion_study_week_004
event_week_004_excursion_study_direct,week_004,routine,0,study Direct,10,step_event_week_004_excursion_study_direct,set_done_event_week_004_excursion_study_direct|trust_plus_1|obedience_plus_1,card_type_excursion,Direct,card_excursion_study_week_004
event_week_005_excursion_study_blocked,week_005,routine,0,study Blocked,10,step_event_week_005_excursion_study_blocked,set_done_event_week_005_excursion_study_blocked|obedience_plus_1|anxiety_plus_1,card_type_excursion,Blocked,card_excursion_study_week_005
event_week_005_excursion_study_direct,week_005,routine,0,study Direct,10,step_event_week_005_excursion_study_direct,set_done_event_week_005_excursion_study_direct|curiosity_plus_1|trust_plus_1,card_type_excursion,Direct,card_excursion_study_week_005
event_week_006_excursion_study_blocked,week_006,routine,0,study Blocked,10,step_event_week_006_excursion_study_blocked,set_done_event_week_006_excursion_study_blocked|obedience_plus_1|anxiety_plus_1,card_type_excursion,Blocked,card_excursion_study_week_006
event_week_006_excursion_study_direct,week_006,routine,0,study Direct,10,step_event_week_006_excursion_study_direct,set_done_event_week_006_excursion_study_direct|trust_plus_1|obedience_plus_1,card_type_excursion,Direct,card_excursion_study_week_006
event_week_004_visitor_cousin_1_blocked,week_004,routine,0,cousin_1 Blocked,10,step_event_week_004_visitor_cousin_1_blocked,set_done_event_week_004_visitor_cousin_1_blocked|obedience_plus_1|anxiety_plus_1,card_type_visitor,Blocked,card_visitor_cousin_1_week_004
event_week_004_visitor_cousin_1_direct,week_004,routine,0,cousin_1 Direct,10,step_event_week_004_visitor_cousin_1_direct,set_done_event_week_004_visitor_cousin_1_direct|curiosity_plus_1|trust_plus_1,card_type_visitor,Direct,card_visitor_cousin_1_week_004
event_week_005_visitor_cousin_1_blocked,week_005,routine,0,cousin_1 Blocked,10,step_event_week_005_visitor_cousin_1_blocked,set_done_event_week_005_visitor_cousin_1_blocked|obedience_plus_1|anxiety_plus_1,card_type_visitor,Blocked,card_visitor_cousin_1_week_005
event_week_005_visitor_cousin_1_direct,week_005,routine,0,cousin_1 Direct,10,step_event_week_005_visitor_cousin_1_direct,set_done_event_week_005_visitor_cousin_1_direct|curiosity_plus_1|trust_plus_1,card_type_visitor,Direct,card_visitor_cousin_1_week_005
event_week_006_visitor_cousin_1_blocked,week_006,routine,0,cousin_1 Blocked,10,step_event_week_006_visitor_cousin_1_blocked,set_done_event_week_006_visitor_cousin_1_blocked|obedience_plus_1|anxiety_plus_1,card_type_visitor,Blocked,card_visitor_cousin_1_week_006
event_week_006_visitor_cousin_1_direct,week_006,routine,0,cousin_1 Direct,10,step_event_week_006_visitor_cousin_1_direct,set_done_event_week_006_visitor_cousin_1_direct|trust_plus_1|curiosity_plus_1,card_type_visitor,Direct,card_visitor_cousin_1_week_006
event_week_004_visitor_cousin_2_blocked,week_004,routine,0,cousin_2 Blocked,10,step_event_week_004_visitor_cousin_2_blocked,set_done_event_week_004_visitor_cousin_2_blocked|obedience_plus_1|anxiety_plus_1,card_type_visitor,Blocked,card_visitor_cousin_2_week_004
event_week_004_visitor_cousin_2_direct,week_004,routine,0,cousin_2 Direct,10,step_event_week_004_visitor_cousin_2_direct,set_done_event_week_004_visitor_cousin_2_direct|trust_plus_1|curiosity_plus_1|set_cousin_2_acquainted,card_type_visitor,Direct,card_visitor_cousin_2_week_004
event_week_005_visitor_cousin_2_blocked,week_005,routine,0,cousin_2 Blocked,10,step_event_week_005_visitor_cousin_2_blocked,set_done_event_week_005_visitor_cousin_2_blocked|obedience_plus_1|anxiety_plus_1,card_type_visitor,Blocked,card_visitor_cousin_2_week_005
event_week_005_visitor_cousin_2_direct,week_005,routine,0,cousin_2 Direct,10,step_event_week_005_visitor_cousin_2_direct,set_done_event_week_005_visitor_cousin_2_direct|trust_plus_1|curiosity_plus_1|set_cousin_2_acquainted,card_type_visitor,Direct,card_visitor_cousin_2_week_005
event_week_006_visitor_cousin_2_blocked,week_006,routine,0,cousin_2 Blocked,10,step_event_week_006_visitor_cousin_2_blocked,set_done_event_week_006_visitor_cousin_2_blocked|obedience_plus_1|anxiety_plus_1,card_type_visitor,Blocked,card_visitor_cousin_2_week_006
event_week_006_visitor_cousin_2_direct,week_006,routine,0,cousin_2 Direct,10,step_event_week_006_visitor_cousin_2_direct,set_done_event_week_006_visitor_cousin_2_direct|trust_plus_1|curiosity_plus_1|set_cousin_2_acquainted,card_type_visitor,Direct,card_visitor_cousin_2_week_006
event_week_004_visitor_friend_1_blocked,week_004,routine,0,friend_1 Blocked,10,step_event_week_004_visitor_friend_1_blocked,set_done_event_week_004_visitor_friend_1_blocked|obedience_plus_1|anxiety_plus_1,card_type_visitor,Blocked,card_visitor_friend_1_week_004
event_week_004_visitor_friend_1_direct,week_004,routine,0,friend_1 Direct,10,step_event_week_004_visitor_friend_1_direct,set_done_event_week_004_visitor_friend_1_direct|curiosity_plus_1|trust_plus_1|set_friend_1_acquainted,card_type_visitor,Direct,card_visitor_friend_1_week_004
event_week_005_visitor_friend_1_blocked,week_005,routine,0,friend_1 Blocked,10,step_event_week_005_visitor_friend_1_blocked,set_done_event_week_005_visitor_friend_1_blocked|obedience_plus_1|anxiety_plus_1,card_type_visitor,Blocked,card_visitor_friend_1_week_005
event_week_005_visitor_friend_1_direct,week_005,routine,0,friend_1 Direct,10,step_event_week_005_visitor_friend_1_direct,set_done_event_week_005_visitor_friend_1_direct|curiosity_plus_1|trust_plus_1|set_friend_1_acquainted,card_type_visitor,Direct,card_visitor_friend_1_week_005
event_week_006_visitor_friend_1_blocked,week_006,routine,0,friend_1 Blocked,10,step_event_week_006_visitor_friend_1_blocked,set_done_event_week_006_visitor_friend_1_blocked|obedience_plus_1|anxiety_plus_1,card_type_visitor,Blocked,card_visitor_friend_1_week_006
event_week_006_visitor_friend_1_direct,week_006,routine,0,friend_1 Direct,10,step_event_week_006_visitor_friend_1_direct,set_done_event_week_006_visitor_friend_1_direct|trust_plus_1|curiosity_plus_1|set_friend_1_acquainted,card_type_visitor,Direct,card_visitor_friend_1_week_006
event_week_004_visitor_friend_2_blocked,week_004,routine,0,friend_2 Blocked,10,step_event_week_004_visitor_friend_2_blocked,set_done_event_week_004_visitor_friend_2_blocked|obedience_plus_1|anxiety_plus_1,card_type_visitor,Blocked,card_visitor_friend_2_week_004
event_week_004_visitor_friend_2_direct,week_004,routine,0,friend_2 Direct,10,step_event_week_004_visitor_friend_2_direct,set_done_event_week_004_visitor_friend_2_direct|curiosity_plus_1|trust_plus_1|set_friend_2_acquainted,card_type_visitor,Direct,card_visitor_friend_2_week_004
event_week_005_visitor_friend_2_blocked,week_005,routine,0,friend_2 Blocked,10,step_event_week_005_visitor_friend_2_blocked,set_done_event_week_005_visitor_friend_2_blocked|obedience_plus_1|anxiety_plus_1,card_type_visitor,Blocked,card_visitor_friend_2_week_005
event_week_005_visitor_friend_2_direct,week_005,routine,0,friend_2 Direct,10,step_event_week_005_visitor_friend_2_direct,set_done_event_week_005_visitor_friend_2_direct|curiosity_plus_1|trust_plus_1|set_friend_2_acquainted,card_type_visitor,Direct,card_visitor_friend_2_week_005
event_week_006_visitor_friend_2_blocked,week_006,routine,0,friend_2 Blocked,10,step_event_week_006_visitor_friend_2_blocked,set_done_event_week_006_visitor_friend_2_blocked|obedience_plus_1|anxiety_plus_1,card_type_visitor,Blocked,card_visitor_friend_2_week_006
event_week_006_visitor_friend_2_direct,week_006,routine,0,friend_2 Direct,10,step_event_week_006_visitor_friend_2_direct,set_done_event_week_006_visitor_friend_2_direct|trust_plus_1|curiosity_plus_1|set_friend_2_acquainted,card_type_visitor,Direct,card_visitor_friend_2_week_006
event_week_004_visitor_friend_3_blocked,week_004,routine,0,friend_3 Blocked,10,step_event_week_004_visitor_friend_3_blocked,set_done_event_week_004_visitor_friend_3_blocked|obedience_plus_1|anxiety_plus_1,card_type_visitor,Blocked,card_visitor_friend_3_week_004
event_week_004_visitor_friend_3_direct,week_004,routine,0,friend_3 Direct,10,step_event_week_004_visitor_friend_3_direct,set_done_event_week_004_visitor_friend_3_direct|curiosity_plus_1|trust_plus_1|set_friend_3_acquainted,card_type_visitor,Direct,card_visitor_friend_3_week_004
event_week_005_visitor_friend_3_blocked,week_005,routine,0,friend_3 Blocked,10,step_event_week_005_visitor_friend_3_blocked,set_done_event_week_005_visitor_friend_3_blocked|obedience_plus_1|anxiety_plus_1,card_type_visitor,Blocked,card_visitor_friend_3_week_005
event_week_005_visitor_friend_3_direct,week_005,routine,0,friend_3 Direct,10,step_event_week_005_visitor_friend_3_direct,set_done_event_week_005_visitor_friend_3_direct|curiosity_plus_1|trust_plus_1|set_friend_3_acquainted,card_type_visitor,Direct,card_visitor_friend_3_week_005
event_week_005_letter_friend_1_blocked,week_005,routine,0,friend_1 Blocked,10,step_event_week_005_letter_friend_1_blocked,set_done_event_week_005_letter_friend_1_blocked,card_type_letter,Blocked,card_letter_friend_1_week_005
event_week_005_letter_friend_1_direct,week_005,routine,0,friend_1 Direct,10,step_event_week_005_letter_friend_1_direct,set_done_event_week_005_letter_friend_1_direct|trust_plus_1|curiosity_plus_1|set_friend_1_acquainted,card_type_letter,Direct,card_letter_friend_1_week_005
event_week_005_letter_friend_1_modified,week_005,routine,0,friend_1 Modified,10,step_event_week_005_letter_friend_1_modified,set_done_event_week_005_letter_friend_1_modified|trust_plus_1|curiosity_plus_1,card_type_letter,Modified,card_letter_friend_1_week_005
event_week_006_letter_friend_1_blocked,week_006,routine,0,friend_1 Blocked,10,step_event_week_006_letter_friend_1_blocked,set_done_event_week_006_letter_friend_1_blocked,card_type_letter,Blocked,card_letter_friend_1_week_006
event_week_006_letter_friend_1_direct,week_006,routine,0,friend_1 Direct,10,step_event_week_006_letter_friend_1_direct,set_done_event_week_006_letter_friend_1_direct|trust_plus_1|curiosity_plus_1|set_friend_1_acquainted,card_type_letter,Direct,card_letter_friend_1_week_006
event_week_006_letter_friend_1_modified,week_006,routine,0,friend_1 Modified,10,step_event_week_006_letter_friend_1_modified,set_done_event_week_006_letter_friend_1_modified|trust_plus_1|curiosity_plus_1,card_type_letter,Modified,card_letter_friend_1_week_006
event_week_005_letter_friend_2_blocked,week_005,routine,0,friend_2 Blocked,10,step_event_week_005_letter_friend_2_blocked,set_done_event_week_005_letter_friend_2_blocked,card_type_letter,Blocked,card_letter_friend_2_week_005
event_week_005_letter_friend_2_direct,week_005,routine,0,friend_2 Direct,10,step_event_week_005_letter_friend_2_direct,set_done_event_week_005_letter_friend_2_direct|trust_plus_1|curiosity_plus_1|set_friend_2_acquainted,card_type_letter,Direct,card_letter_friend_2_week_005
event_week_005_letter_friend_2_modified,week_005,routine,0,friend_2 Modified,10,step_event_week_005_letter_friend_2_modified,set_done_event_week_005_letter_friend_2_modified|trust_plus_1|obedience_plus_1,card_type_letter,Modified,card_letter_friend_2_week_005
event_week_006_letter_friend_2_blocked,week_006,routine,0,friend_2 Blocked,10,step_event_week_006_letter_friend_2_blocked,set_done_event_week_006_letter_friend_2_blocked,card_type_letter,Blocked,card_letter_friend_2_week_006
event_week_006_letter_friend_2_direct,week_006,routine,0,friend_2 Direct,10,step_event_week_006_letter_friend_2_direct,set_done_event_week_006_letter_friend_2_direct|trust_plus_1|obedience_plus_1|set_friend_2_acquainted,card_type_letter,Direct,card_letter_friend_2_week_006
event_week_006_letter_friend_2_modified,week_006,routine,0,friend_2 Modified,10,step_event_week_006_letter_friend_2_modified,set_done_event_week_006_letter_friend_2_modified|trust_plus_1|obedience_plus_1,card_type_letter,Modified,card_letter_friend_2_week_006
event_week_005_letter_friend_3_blocked,week_005,routine,0,friend_3 Blocked,10,step_event_week_005_letter_friend_3_blocked,set_done_event_week_005_letter_friend_3_blocked,card_type_letter,Blocked,card_letter_friend_3_week_005
event_week_005_letter_friend_3_direct,week_005,routine,0,friend_3 Direct,10,step_event_week_005_letter_friend_3_direct,set_done_event_week_005_letter_friend_3_direct|curiosity_plus_1|trust_plus_1|set_friend_3_acquainted,card_type_letter,Direct,card_letter_friend_3_week_005
event_week_005_letter_friend_3_modified,week_005,routine,0,friend_3 Modified,10,step_event_week_005_letter_friend_3_modified,set_done_event_week_005_letter_friend_3_modified|curiosity_plus_1|trust_plus_1,card_type_letter,Modified,card_letter_friend_3_week_005
event_week_006_letter_friend_3_blocked,week_006,routine,0,friend_3 Blocked,10,step_event_week_006_letter_friend_3_blocked,set_done_event_week_006_letter_friend_3_blocked,card_type_letter,Blocked,card_letter_friend_3_week_006
event_week_006_letter_friend_3_direct,week_006,routine,0,friend_3 Direct,10,step_event_week_006_letter_friend_3_direct,set_done_event_week_006_letter_friend_3_direct|curiosity_plus_1|trust_plus_1|set_friend_3_acquainted,card_type_letter,Direct,card_letter_friend_3_week_006
event_week_006_letter_friend_3_modified,week_006,routine,0,friend_3 Modified,10,step_event_week_006_letter_friend_3_modified,set_done_event_week_006_letter_friend_3_modified|curiosity_plus_1|trust_plus_1,card_type_letter,Modified,card_letter_friend_3_week_006
event_week_005_letter_cousin_2_blocked,week_005,routine,0,cousin_2 Blocked,10,step_event_week_005_letter_cousin_2_blocked,set_done_event_week_005_letter_cousin_2_blocked,card_type_letter,Blocked,card_letter_cousin_2_week_005
event_week_005_letter_cousin_2_direct,week_005,routine,0,cousin_2 Direct,10,step_event_week_005_letter_cousin_2_direct,set_done_event_week_005_letter_cousin_2_direct|trust_plus_1|curiosity_plus_1|set_cousin_2_acquainted,card_type_letter,Direct,card_letter_cousin_2_week_005
event_week_005_letter_cousin_2_modified,week_005,routine,0,cousin_2 Modified,10,step_event_week_005_letter_cousin_2_modified,set_done_event_week_005_letter_cousin_2_modified|trust_plus_1|curiosity_plus_1,card_type_letter,Modified,card_letter_cousin_2_week_005
event_week_006_letter_cousin_2_blocked,week_006,routine,0,cousin_2 Blocked,10,step_event_week_006_letter_cousin_2_blocked,set_done_event_week_006_letter_cousin_2_blocked,card_type_letter,Blocked,card_letter_cousin_2_week_006
event_week_006_letter_cousin_2_direct,week_006,routine,0,cousin_2 Direct,10,step_event_week_006_letter_cousin_2_direct,set_done_event_week_006_letter_cousin_2_direct|trust_plus_1|obedience_plus_1|set_cousin_2_acquainted,card_type_letter,Direct,card_letter_cousin_2_week_006
event_week_006_letter_cousin_2_modified,week_006,routine,0,cousin_2 Modified,10,step_event_week_006_letter_cousin_2_modified,set_done_event_week_006_letter_cousin_2_modified|trust_plus_1|obedience_plus_1,card_type_letter,Modified,card_letter_cousin_2_week_006
event_week_004_house_talk_w004_blocked,week_004,routine,0,w004 Blocked,10,step_event_week_004_house_talk_w004_blocked,set_done_event_week_004_house_talk_w004_blocked|curiosity_plus_1|anxiety_plus_1,card_type_house_talk,Blocked,card_house_talk_week_004
event_week_004_house_talk_w004_direct,week_004,routine,0,w004 Direct,10,step_event_week_004_house_talk_w004_direct,set_done_event_week_004_house_talk_w004_direct|trust_plus_1|anxiety_plus_1,card_type_house_talk,Direct,card_house_talk_week_004
event_week_004_house_talk_w004_modified,week_004,routine,0,w004 Modified,10,step_event_week_004_house_talk_w004_modified,set_done_event_week_004_house_talk_w004_modified|trust_plus_1|curiosity_plus_1,card_type_house_talk,Modified,card_house_talk_week_004
event_week_005_house_talk_w005_blocked,week_005,routine,0,w005 Blocked,10,step_event_week_005_house_talk_w005_blocked,set_done_event_week_005_house_talk_w005_blocked|anxiety_plus_1|curiosity_plus_1,card_type_house_talk,Blocked,card_house_talk_week_005
event_week_005_house_talk_w005_direct,week_005,routine,0,w005 Direct,10,step_event_week_005_house_talk_w005_direct,set_done_event_week_005_house_talk_w005_direct|anxiety_plus_1|curiosity_plus_1,card_type_house_talk,Direct,card_house_talk_week_005
event_week_005_house_talk_w005_modified,week_005,routine,0,w005 Modified,10,step_event_week_005_house_talk_w005_modified,set_done_event_week_005_house_talk_w005_modified|trust_plus_1|obedience_plus_1,card_type_house_talk,Modified,card_house_talk_week_005
event_week_006_house_talk_w006_blocked,week_006,routine,0,w006 Blocked,10,step_event_week_006_house_talk_w006_blocked,set_done_event_week_006_house_talk_w006_blocked|curiosity_plus_1|anxiety_plus_1,card_type_house_talk,Blocked,card_house_talk_week_006
event_week_006_house_talk_w006_direct,week_006,routine,0,w006 Direct,10,step_event_week_006_house_talk_w006_direct,set_done_event_week_006_house_talk_w006_direct|curiosity_plus_1|trust_plus_1,card_type_house_talk,Direct,card_house_talk_week_006
event_week_006_house_talk_w006_modified,week_006,routine,0,w006 Modified,10,step_event_week_006_house_talk_w006_modified,set_done_event_week_006_house_talk_w006_modified|trust_plus_1|obedience_plus_1,card_type_house_talk,Modified,card_house_talk_week_006
event_week_004_external_w004_blocked,week_004,routine,0,w004 Blocked,10,step_event_week_004_external_w004_blocked,set_done_event_week_004_external_w004_blocked|obedience_plus_1|anxiety_plus_1,card_type_external_info,Blocked,card_external_week_004
event_week_004_external_w004_direct,week_004,routine,0,w004 Direct,10,step_event_week_004_external_w004_direct,set_done_event_week_004_external_w004_direct|anxiety_plus_1|curiosity_plus_1,card_type_external_info,Direct,card_external_week_004
event_week_004_external_w004_modified,week_004,routine,0,w004 Modified,10,step_event_week_004_external_w004_modified,set_done_event_week_004_external_w004_modified|trust_plus_1|obedience_plus_1,card_type_external_info,Modified,card_external_week_004
event_week_005_external_w005_blocked,week_005,routine,0,w005 Blocked,10,step_event_week_005_external_w005_blocked,set_done_event_week_005_external_w005_blocked|obedience_plus_1|curiosity_plus_1,card_type_external_info,Blocked,card_external_week_005
event_week_005_external_w005_direct,week_005,routine,0,w005 Direct,10,step_event_week_005_external_w005_direct,set_done_event_week_005_external_w005_direct|trust_plus_1|curiosity_plus_1,card_type_external_info,Direct,card_external_week_005
event_week_005_external_w005_modified,week_005,routine,0,w005 Modified,10,step_event_week_005_external_w005_modified,set_done_event_week_005_external_w005_modified|trust_plus_1|obedience_plus_1,card_type_external_info,Modified,card_external_week_005
event_week_006_external_w006_blocked,week_006,routine,0,w006 Blocked,10,step_event_week_006_external_w006_blocked,set_done_event_week_006_external_w006_blocked|curiosity_plus_1|anxiety_plus_1,card_type_external_info,Blocked,card_external_week_006
event_week_006_external_w006_direct,week_006,routine,0,w006 Direct,10,step_event_week_006_external_w006_direct,set_done_event_week_006_external_w006_direct|trust_plus_1|curiosity_plus_1,card_type_external_info,Direct,card_external_week_006
event_week_006_external_w006_modified,week_006,routine,0,w006 Modified,10,step_event_week_006_external_w006_modified,set_done_event_week_006_external_w006_modified|trust_plus_1|obedience_plus_1,card_type_external_info,Modified,card_external_week_006
event_week_007_excursion_garden_blocked,week_007,routine,0,garden Blocked,10,step_event_week_007_excursion_garden_blocked,set_done_event_week_007_excursion_garden_blocked|obedience_plus_1|anxiety_plus_1,card_type_excursion,Blocked,card_excursion_garden_week_007
event_week_007_excursion_garden_direct,week_007,routine,0,garden Direct,10,step_event_week_007_excursion_garden_direct,set_done_event_week_007_excursion_garden_direct|trust_plus_1|curiosity_plus_1,card_type_excursion,Direct,card_excursion_garden_week_007
event_week_008_excursion_garden_blocked,week_008,routine,0,garden Blocked,10,step_event_week_008_excursion_garden_blocked,set_done_event_week_008_excursion_garden_blocked|obedience_plus_1|anxiety_plus_1,card_type_excursion,Blocked,card_excursion_garden_week_008
event_week_008_excursion_garden_direct,week_008,routine,0,garden Direct,10,step_event_week_008_excursion_garden_direct,set_done_event_week_008_excursion_garden_direct|anxiety_plus_1|curiosity_plus_1,card_type_excursion,Direct,card_excursion_garden_week_008
event_week_009_excursion_garden_blocked,week_009,routine,0,garden Blocked,10,step_event_week_009_excursion_garden_blocked,set_done_event_week_009_excursion_garden_blocked|trust_plus_1|curiosity_plus_1,card_type_excursion,Blocked,card_excursion_garden_week_009
event_week_007_excursion_lake_blocked,week_007,routine,0,lake Blocked,10,step_event_week_007_excursion_lake_blocked,set_done_event_week_007_excursion_lake_blocked|obedience_plus_1|anxiety_plus_1,card_type_excursion,Blocked,card_excursion_lake_week_007
event_week_007_excursion_lake_direct,week_007,routine,0,lake Direct,10,step_event_week_007_excursion_lake_direct,set_done_event_week_007_excursion_lake_direct|trust_plus_1|curiosity_plus_1,card_type_excursion,Direct,card_excursion_lake_week_007
event_week_008_excursion_lake_blocked,week_008,routine,0,lake Blocked,10,step_event_week_008_excursion_lake_blocked,set_done_event_week_008_excursion_lake_blocked|obedience_plus_1|anxiety_plus_1,card_type_excursion,Blocked,card_excursion_lake_week_008
event_week_008_excursion_lake_direct,week_008,routine,0,lake Direct,10,step_event_week_008_excursion_lake_direct,set_done_event_week_008_excursion_lake_direct|anxiety_plus_1,card_type_excursion,Direct,card_excursion_lake_week_008
event_week_009_excursion_lake_blocked,week_009,routine,0,lake Blocked,10,step_event_week_009_excursion_lake_blocked,set_done_event_week_009_excursion_lake_blocked|obedience_plus_1|anxiety_plus_1,card_type_excursion,Blocked,card_excursion_lake_week_009
event_week_009_excursion_lake_direct,week_009,routine,0,lake Direct,10,step_event_week_009_excursion_lake_direct,set_done_event_week_009_excursion_lake_direct|trust_plus_1|curiosity_plus_1,card_type_excursion,Direct,card_excursion_lake_week_009
event_week_007_excursion_basement_blocked,week_007,routine,0,basement Blocked,10,step_event_week_007_excursion_basement_blocked,set_done_event_week_007_excursion_basement_blocked|obedience_plus_1,card_type_excursion,Blocked,card_excursion_basement_week_007
event_week_007_excursion_basement_direct,week_007,routine,0,basement Direct,10,step_event_week_007_excursion_basement_direct,set_done_event_week_007_excursion_basement_direct|trust_plus_1|anxiety_plus_1,card_type_excursion,Direct,card_excursion_basement_week_007
event_week_007_excursion_basement_modified,week_007,routine,0,basement Modified,10,step_event_week_007_excursion_basement_modified,set_done_event_week_007_excursion_basement_modified|trust_plus_1|curiosity_plus_1,card_type_excursion,Modified,card_excursion_basement_week_007
event_week_008_excursion_basement_blocked,week_008,routine,0,basement Blocked,10,step_event_week_008_excursion_basement_blocked,set_done_event_week_008_excursion_basement_blocked|obedience_plus_1|anxiety_plus_1,card_type_excursion,Blocked,card_excursion_basement_week_008
event_week_008_excursion_basement_direct,week_008,routine,0,basement Direct,10,step_event_week_008_excursion_basement_direct,set_done_event_week_008_excursion_basement_direct|anxiety_plus_1,card_type_excursion,Direct,card_excursion_basement_week_008
event_week_009_excursion_basement_blocked,week_009,routine,0,basement Blocked,10,step_event_week_009_excursion_basement_blocked,set_done_event_week_009_excursion_basement_blocked|obedience_plus_1,card_type_excursion,Blocked,card_excursion_basement_week_009
event_week_009_excursion_basement_direct,week_009,routine,0,basement Direct,10,step_event_week_009_excursion_basement_direct,set_done_event_week_009_excursion_basement_direct|trust_plus_1|obedience_plus_1,card_type_excursion,Direct,card_excursion_basement_week_009
event_week_007_excursion_library_blocked,week_007,routine,0,library Blocked,10,step_event_week_007_excursion_library_blocked,set_done_event_week_007_excursion_library_blocked|obedience_plus_1,card_type_excursion,Blocked,card_excursion_library_week_007
event_week_007_excursion_library_direct,week_007,routine,0,library Direct,10,step_event_week_007_excursion_library_direct,set_done_event_week_007_excursion_library_direct|trust_plus_1|obedience_plus_1,card_type_excursion,Direct,card_excursion_library_week_007
event_week_008_excursion_library_blocked,week_008,routine,0,library Blocked,10,step_event_week_008_excursion_library_blocked,set_done_event_week_008_excursion_library_blocked|obedience_plus_1|anxiety_plus_1,card_type_excursion,Blocked,card_excursion_library_week_008
event_week_008_excursion_library_direct,week_008,routine,0,library Direct,10,step_event_week_008_excursion_library_direct,set_done_event_week_008_excursion_library_direct|anxiety_plus_1|curiosity_plus_1,card_type_excursion,Direct,card_excursion_library_week_008
event_week_009_excursion_library_blocked,week_009,routine,0,library Blocked,10,step_event_week_009_excursion_library_blocked,set_done_event_week_009_excursion_library_blocked|obedience_plus_1,card_type_excursion,Blocked,card_excursion_library_week_009
event_week_009_excursion_library_direct,week_009,routine,0,library Direct,10,step_event_week_009_excursion_library_direct,set_done_event_week_009_excursion_library_direct|trust_plus_1|curiosity_plus_1,card_type_excursion,Direct,card_excursion_library_week_009
event_week_007_excursion_study_blocked,week_007,routine,0,study Blocked,10,step_event_week_007_excursion_study_blocked,set_done_event_week_007_excursion_study_blocked|obedience_plus_1,card_type_excursion,Blocked,card_excursion_study_week_007
event_week_007_excursion_study_direct,week_007,routine,0,study Direct,10,step_event_week_007_excursion_study_direct,set_done_event_week_007_excursion_study_direct|trust_plus_1|obedience_plus_1,card_type_excursion,Direct,card_excursion_study_week_007
event_week_008_excursion_study_blocked,week_008,routine,0,study Blocked,10,step_event_week_008_excursion_study_blocked,set_done_event_week_008_excursion_study_blocked|obedience_plus_1|anxiety_plus_1,card_type_excursion,Blocked,card_excursion_study_week_008
event_week_008_excursion_study_direct,week_008,routine,0,study Direct,10,step_event_week_008_excursion_study_direct,set_done_event_week_008_excursion_study_direct|anxiety_plus_1|curiosity_plus_1,card_type_excursion,Direct,card_excursion_study_week_008
event_week_009_excursion_study_blocked,week_009,routine,0,study Blocked,10,step_event_week_009_excursion_study_blocked,set_done_event_week_009_excursion_study_blocked|obedience_plus_1,card_type_excursion,Blocked,card_excursion_study_week_009
event_week_009_excursion_study_direct,week_009,routine,0,study Direct,10,step_event_week_009_excursion_study_direct,set_done_event_week_009_excursion_study_direct|trust_plus_1|anxiety_plus_1,card_type_excursion,Direct,card_excursion_study_week_009
event_week_007_visitor_cousin_1_blocked,week_007,routine,0,cousin_1 Blocked,10,step_event_week_007_visitor_cousin_1_blocked,set_done_event_week_007_visitor_cousin_1_blocked|obedience_plus_1,card_type_visitor,Blocked,card_visitor_cousin_1_week_007
event_week_007_visitor_cousin_1_direct,week_007,routine,0,cousin_1 Direct,10,step_event_week_007_visitor_cousin_1_direct,set_done_event_week_007_visitor_cousin_1_direct|curiosity_plus_1|anxiety_plus_1,card_type_visitor,Direct,card_visitor_cousin_1_week_007
event_week_008_visitor_cousin_1_blocked,week_008,routine,0,cousin_1 Blocked,10,step_event_week_008_visitor_cousin_1_blocked,set_done_event_week_008_visitor_cousin_1_blocked|obedience_plus_1,card_type_visitor,Blocked,card_visitor_cousin_1_week_008
event_week_008_visitor_cousin_1_direct,week_008,routine,0,cousin_1 Direct,10,step_event_week_008_visitor_cousin_1_direct,set_done_event_week_008_visitor_cousin_1_direct|curiosity_plus_1|anxiety_plus_1,card_type_visitor,Direct,card_visitor_cousin_1_week_008
event_week_009_visitor_cousin_1_blocked,week_009,routine,0,cousin_1 Blocked,10,step_event_week_009_visitor_cousin_1_blocked,set_done_event_week_009_visitor_cousin_1_blocked|obedience_plus_1,card_type_visitor,Blocked,card_visitor_cousin_1_week_009
event_week_009_visitor_cousin_1_direct,week_009,routine,0,cousin_1 Direct,10,step_event_week_009_visitor_cousin_1_direct,set_done_event_week_009_visitor_cousin_1_direct|trust_plus_1|curiosity_plus_1,card_type_visitor,Direct,card_visitor_cousin_1_week_009
event_week_007_visitor_cousin_2_blocked,week_007,routine,0,cousin_2 Blocked,10,step_event_week_007_visitor_cousin_2_blocked,set_done_event_week_007_visitor_cousin_2_blocked|obedience_plus_1,card_type_visitor,Blocked,card_visitor_cousin_2_week_007
event_week_007_visitor_cousin_2_direct,week_007,routine,0,cousin_2 Direct,10,step_event_week_007_visitor_cousin_2_direct,set_done_event_week_007_visitor_cousin_2_direct|trust_plus_1|curiosity_plus_1|set_cousin_2_acquainted,card_type_visitor,Direct,card_visitor_cousin_2_week_007
event_week_008_visitor_cousin_2_blocked,week_008,routine,0,cousin_2 Blocked,10,step_event_week_008_visitor_cousin_2_blocked,set_done_event_week_008_visitor_cousin_2_blocked|obedience_plus_1,card_type_visitor,Blocked,card_visitor_cousin_2_week_008
event_week_008_visitor_cousin_2_direct,week_008,routine,0,cousin_2 Direct,10,step_event_week_008_visitor_cousin_2_direct,set_done_event_week_008_visitor_cousin_2_direct|trust_plus_1|curiosity_plus_1|set_cousin_2_acquainted,card_type_visitor,Direct,card_visitor_cousin_2_week_008
event_week_009_visitor_cousin_2_blocked,week_009,routine,0,cousin_2 Blocked,10,step_event_week_009_visitor_cousin_2_blocked,set_done_event_week_009_visitor_cousin_2_blocked|obedience_plus_1|anxiety_plus_1,card_type_visitor,Blocked,card_visitor_cousin_2_week_009
event_week_009_visitor_cousin_2_direct,week_009,routine,0,cousin_2 Direct,10,step_event_week_009_visitor_cousin_2_direct,set_done_event_week_009_visitor_cousin_2_direct|trust_plus_1|curiosity_plus_1|set_cousin_2_acquainted,card_type_visitor,Direct,card_visitor_cousin_2_week_009
event_week_007_visitor_friend_1_blocked,week_007,routine,0,friend_1 Blocked,10,step_event_week_007_visitor_friend_1_blocked,set_done_event_week_007_visitor_friend_1_blocked|obedience_plus_1|trust_plus_1,card_type_visitor,Blocked,card_visitor_friend_1_week_007
event_week_007_visitor_friend_1_direct,week_007,routine,0,friend_1 Direct,10,step_event_week_007_visitor_friend_1_direct,set_done_event_week_007_visitor_friend_1_direct|curiosity_plus_1|trust_plus_1|set_friend_1_acquainted,card_type_visitor,Direct,card_visitor_friend_1_week_007
event_week_008_visitor_friend_1_blocked,week_008,routine,0,friend_1 Blocked,10,step_event_week_008_visitor_friend_1_blocked,set_done_event_week_008_visitor_friend_1_blocked|obedience_plus_1|trust_plus_1,card_type_visitor,Blocked,card_visitor_friend_1_week_008
event_week_008_visitor_friend_1_direct,week_008,routine,0,friend_1 Direct,10,step_event_week_008_visitor_friend_1_direct,set_done_event_week_008_visitor_friend_1_direct|curiosity_plus_1|trust_plus_1|set_friend_1_acquainted,card_type_visitor,Direct,card_visitor_friend_1_week_008
event_week_009_visitor_friend_1_blocked,week_009,routine,0,friend_1 Blocked,10,step_event_week_009_visitor_friend_1_blocked,set_done_event_week_009_visitor_friend_1_blocked|obedience_plus_1|trust_plus_1,card_type_visitor,Blocked,card_visitor_friend_1_week_009
event_week_009_visitor_friend_1_direct,week_009,routine,0,friend_1 Direct,10,step_event_week_009_visitor_friend_1_direct,set_done_event_week_009_visitor_friend_1_direct|curiosity_plus_1|trust_plus_1|set_friend_1_acquainted,card_type_visitor,Direct,card_visitor_friend_1_week_009
event_week_007_visitor_friend_2_blocked,week_007,routine,0,friend_2 Blocked,10,step_event_week_007_visitor_friend_2_blocked,set_done_event_week_007_visitor_friend_2_blocked|obedience_plus_1|trust_plus_1,card_type_visitor,Blocked,card_visitor_friend_2_week_007
event_week_007_visitor_friend_2_direct,week_007,routine,0,friend_2 Direct,10,step_event_week_007_visitor_friend_2_direct,set_done_event_week_007_visitor_friend_2_direct|curiosity_plus_1|trust_plus_1|set_friend_2_acquainted,card_type_visitor,Direct,card_visitor_friend_2_week_007
event_week_008_visitor_friend_2_blocked,week_008,routine,0,friend_2 Blocked,10,step_event_week_008_visitor_friend_2_blocked,set_done_event_week_008_visitor_friend_2_blocked|obedience_plus_1|trust_plus_1,card_type_visitor,Blocked,card_visitor_friend_2_week_008
event_week_008_visitor_friend_2_direct,week_008,routine,0,friend_2 Direct,10,step_event_week_008_visitor_friend_2_direct,set_done_event_week_008_visitor_friend_2_direct|curiosity_plus_1|trust_plus_1|set_friend_2_acquainted,card_type_visitor,Direct,card_visitor_friend_2_week_008
event_week_009_visitor_friend_2_blocked,week_009,routine,0,friend_2 Blocked,10,step_event_week_009_visitor_friend_2_blocked,set_done_event_week_009_visitor_friend_2_blocked|trust_plus_1|obedience_plus_1,card_type_visitor,Blocked,card_visitor_friend_2_week_009
event_week_009_visitor_friend_2_direct,week_009,routine,0,friend_2 Direct,10,step_event_week_009_visitor_friend_2_direct,set_done_event_week_009_visitor_friend_2_direct|trust_plus_1|set_friend_2_acquainted,card_type_visitor,Direct,card_visitor_friend_2_week_009
event_week_007_visitor_friend_3_blocked,week_007,routine,0,friend_3 Blocked,10,step_event_week_007_visitor_friend_3_blocked,set_done_event_week_007_visitor_friend_3_blocked|obedience_plus_1|trust_plus_1,card_type_visitor,Blocked,card_visitor_friend_3_week_007
event_week_007_visitor_friend_3_direct,week_007,routine,0,friend_3 Direct,10,step_event_week_007_visitor_friend_3_direct,set_done_event_week_007_visitor_friend_3_direct|curiosity_plus_1|trust_plus_1|set_friend_3_acquainted,card_type_visitor,Direct,card_visitor_friend_3_week_007
event_week_008_visitor_friend_3_blocked,week_008,routine,0,friend_3 Blocked,10,step_event_week_008_visitor_friend_3_blocked,set_done_event_week_008_visitor_friend_3_blocked|obedience_plus_1|trust_plus_1,card_type_visitor,Blocked,card_visitor_friend_3_week_008
event_week_008_visitor_friend_3_direct,week_008,routine,0,friend_3 Direct,10,step_event_week_008_visitor_friend_3_direct,set_done_event_week_008_visitor_friend_3_direct|curiosity_plus_1|trust_plus_1|set_friend_3_acquainted,card_type_visitor,Direct,card_visitor_friend_3_week_008
event_week_009_visitor_friend_3_blocked,week_009,routine,0,friend_3 Blocked,10,step_event_week_009_visitor_friend_3_blocked,set_done_event_week_009_visitor_friend_3_blocked|trust_plus_1|obedience_plus_1,card_type_visitor,Blocked,card_visitor_friend_3_week_009
event_week_009_visitor_friend_3_direct,week_009,routine,0,friend_3 Direct,10,step_event_week_009_visitor_friend_3_direct,set_done_event_week_009_visitor_friend_3_direct|trust_plus_1|curiosity_plus_1|set_friend_3_acquainted,card_type_visitor,Direct,card_visitor_friend_3_week_009
event_week_008_letter_friend_1_blocked,week_008,routine,0,friend_1 Blocked,10,step_event_week_008_letter_friend_1_blocked,set_done_event_week_008_letter_friend_1_blocked,card_type_letter,Blocked,card_letter_friend_1_week_008
event_week_008_letter_friend_1_direct,week_008,routine,0,friend_1 Direct,10,step_event_week_008_letter_friend_1_direct,set_done_event_week_008_letter_friend_1_direct|trust_plus_1|curiosity_plus_1|set_friend_1_acquainted,card_type_letter,Direct,card_letter_friend_1_week_008
event_week_008_letter_friend_1_modified,week_008,routine,0,friend_1 Modified,10,step_event_week_008_letter_friend_1_modified,set_done_event_week_008_letter_friend_1_modified|trust_plus_1|curiosity_plus_1,card_type_letter,Modified,card_letter_friend_1_week_008
event_week_009_letter_friend_1_blocked,week_009,routine,0,friend_1 Blocked,10,step_event_week_009_letter_friend_1_blocked,set_done_event_week_009_letter_friend_1_blocked,card_type_letter,Blocked,card_letter_friend_1_week_009
event_week_009_letter_friend_1_direct,week_009,routine,0,friend_1 Direct,10,step_event_week_009_letter_friend_1_direct,set_done_event_week_009_letter_friend_1_direct|trust_plus_1|curiosity_plus_1|set_friend_1_acquainted,card_type_letter,Direct,card_letter_friend_1_week_009
event_week_009_letter_friend_1_modified,week_009,routine,0,friend_1 Modified,10,step_event_week_009_letter_friend_1_modified,set_done_event_week_009_letter_friend_1_modified|trust_plus_1|curiosity_plus_1,card_type_letter,Modified,card_letter_friend_1_week_009
event_week_008_letter_friend_2_blocked,week_008,routine,0,friend_2 Blocked,10,step_event_week_008_letter_friend_2_blocked,set_done_event_week_008_letter_friend_2_blocked,card_type_letter,Blocked,card_letter_friend_2_week_008
event_week_008_letter_friend_2_direct,week_008,routine,0,friend_2 Direct,10,step_event_week_008_letter_friend_2_direct,set_done_event_week_008_letter_friend_2_direct|trust_plus_1|obedience_plus_1|set_friend_2_acquainted,card_type_letter,Direct,card_letter_friend_2_week_008
event_week_008_letter_friend_2_modified,week_008,routine,0,friend_2 Modified,10,step_event_week_008_letter_friend_2_modified,set_done_event_week_008_letter_friend_2_modified|trust_plus_1|obedience_plus_1,card_type_letter,Modified,card_letter_friend_2_week_008
event_week_009_letter_friend_2_blocked,week_009,routine,0,friend_2 Blocked,10,step_event_week_009_letter_friend_2_blocked,set_done_event_week_009_letter_friend_2_blocked,card_type_letter,Blocked,card_letter_friend_2_week_009
event_week_009_letter_friend_2_direct,week_009,routine,0,friend_2 Direct,10,step_event_week_009_letter_friend_2_direct,set_done_event_week_009_letter_friend_2_direct|trust_plus_1|obedience_plus_1|set_friend_2_acquainted,card_type_letter,Direct,card_letter_friend_2_week_009
event_week_009_letter_friend_2_modified,week_009,routine,0,friend_2 Modified,10,step_event_week_009_letter_friend_2_modified,set_done_event_week_009_letter_friend_2_modified|trust_plus_1|obedience_plus_1,card_type_letter,Modified,card_letter_friend_2_week_009
event_week_008_letter_friend_3_blocked,week_008,routine,0,friend_3 Blocked,10,step_event_week_008_letter_friend_3_blocked,set_done_event_week_008_letter_friend_3_blocked,card_type_letter,Blocked,card_letter_friend_3_week_008
event_week_008_letter_friend_3_direct,week_008,routine,0,friend_3 Direct,10,step_event_week_008_letter_friend_3_direct,set_done_event_week_008_letter_friend_3_direct|curiosity_plus_1|trust_plus_1|set_friend_3_acquainted,card_type_letter,Direct,card_letter_friend_3_week_008
event_week_008_letter_friend_3_modified,week_008,routine,0,friend_3 Modified,10,step_event_week_008_letter_friend_3_modified,set_done_event_week_008_letter_friend_3_modified|curiosity_plus_1|trust_plus_1,card_type_letter,Modified,card_letter_friend_3_week_008
event_week_009_letter_friend_3_blocked,week_009,routine,0,friend_3 Blocked,10,step_event_week_009_letter_friend_3_blocked,set_done_event_week_009_letter_friend_3_blocked,card_type_letter,Blocked,card_letter_friend_3_week_009
event_week_009_letter_friend_3_direct,week_009,routine,0,friend_3 Direct,10,step_event_week_009_letter_friend_3_direct,set_done_event_week_009_letter_friend_3_direct|curiosity_plus_1|trust_plus_1|set_friend_3_acquainted,card_type_letter,Direct,card_letter_friend_3_week_009
event_week_009_letter_friend_3_modified,week_009,routine,0,friend_3 Modified,10,step_event_week_009_letter_friend_3_modified,set_done_event_week_009_letter_friend_3_modified|curiosity_plus_1|trust_plus_1,card_type_letter,Modified,card_letter_friend_3_week_009
event_week_008_letter_cousin_2_blocked,week_008,routine,0,cousin_2 Blocked,10,step_event_week_008_letter_cousin_2_blocked,set_done_event_week_008_letter_cousin_2_blocked,card_type_letter,Blocked,card_letter_cousin_2_week_008
event_week_008_letter_cousin_2_direct,week_008,routine,0,cousin_2 Direct,10,step_event_week_008_letter_cousin_2_direct,set_done_event_week_008_letter_cousin_2_direct|trust_plus_1|curiosity_plus_1|set_cousin_2_acquainted,card_type_letter,Direct,card_letter_cousin_2_week_008
event_week_008_letter_cousin_2_modified,week_008,routine,0,cousin_2 Modified,10,step_event_week_008_letter_cousin_2_modified,set_done_event_week_008_letter_cousin_2_modified|trust_plus_1|curiosity_plus_1,card_type_letter,Modified,card_letter_cousin_2_week_008
event_week_009_letter_cousin_2_blocked,week_009,routine,0,cousin_2 Blocked,10,step_event_week_009_letter_cousin_2_blocked,set_done_event_week_009_letter_cousin_2_blocked,card_type_letter,Blocked,card_letter_cousin_2_week_009
event_week_009_letter_cousin_2_direct,week_009,routine,0,cousin_2 Direct,10,step_event_week_009_letter_cousin_2_direct,set_done_event_week_009_letter_cousin_2_direct|trust_plus_1|obedience_plus_1|set_cousin_2_acquainted,card_type_letter,Direct,card_letter_cousin_2_week_009
event_week_009_letter_cousin_2_modified,week_009,routine,0,cousin_2 Modified,10,step_event_week_009_letter_cousin_2_modified,set_done_event_week_009_letter_cousin_2_modified|trust_plus_1|obedience_plus_1,card_type_letter,Modified,card_letter_cousin_2_week_009
event_week_007_house_talk_w007_blocked,week_007,routine,0,w007 Blocked,10,step_event_week_007_house_talk_w007_blocked,set_done_event_week_007_house_talk_w007_blocked,card_type_house_talk,Blocked,card_house_talk_week_007
event_week_007_house_talk_하인_1___아닙니다__주인님__저희가_밤눈이_direct,week_007,routine,0,하인_1___아닙니다__주인님__저희가_밤눈이 Direct,10,step_event_week_007_house_talk_하인_1___아닙니다__주인님__저희가_밤눈이_direct,set_done_event_week_007_house_talk_하인_1___아닙니다__주인님__저희가_밤눈이_dir,card_type_house_talk,Direct,card_house_talk_week_007
event_week_007_house_talk_하인_1___저택도_살아있는_생명체라__가끔은_modified,week_007,routine,0,하인_1___저택도_살아있는_생명체라__가끔은 Modified,10,step_event_week_007_house_talk_하인_1___저택도_살아있는_생명체라__가끔은_modified,set_done_event_week_007_house_talk_하인_1___저택도_살아있는_생명체라__가끔은_mod,card_type_house_talk,Modified,card_house_talk_week_007
event_week_008_house_talk_하인_1___아__이건_조명_때문이에요__밤에_blocked,week_008,routine,0,하인_1___아__이건_조명_때문이에요__밤에 Blocked,10,step_event_week_008_house_talk_하인_1___아__이건_조명_때문이에요__밤에_blocked,set_done_event_week_008_house_talk_하인_1___아__이건_조명_때문이에요__밤에_blo,card_type_house_talk,Blocked,card_house_talk_week_008
event_week_008_house_talk_하녀_1___아닙니다__낡은_풍향계가_돌아가며_direct,week_008,routine,0,하녀_1___아닙니다__낡은_풍향계가_돌아가며 Direct,10,step_event_week_008_house_talk_하녀_1___아닙니다__낡은_풍향계가_돌아가며_direct,set_done_event_week_008_house_talk_하녀_1___아닙니다__낡은_풍향계가_돌아가며_dir,card_type_house_talk,Direct,card_house_talk_week_008
event_week_008_house_talk_하녀_1___그_숲은_아주_오래된_나무들이_많_modified,week_008,routine,0,하녀_1___그_숲은_아주_오래된_나무들이_많 Modified,10,step_event_week_008_house_talk_하녀_1___그_숲은_아주_오래된_나무들이_많_modified,set_done_event_week_008_house_talk_하녀_1___그_숲은_아주_오래된_나무들이_많_mod,card_type_house_talk,Modified,card_house_talk_week_008
event_week_009_house_talk_하녀_1___사실_그건_백작님이_숲속에_설치해_blocked,week_009,routine,0,하녀_1___사실_그건_백작님이_숲속에_설치해 Blocked,10,step_event_week_009_house_talk_하녀_1___사실_그건_백작님이_숲속에_설치해_blocked,set_done_event_week_009_house_talk_하녀_1___사실_그건_백작님이_숲속에_설치해_blo,card_type_house_talk,Blocked,card_house_talk_week_009
event_week_009_house_talk_하인_1___아이고__저희가_근거_없는_괴담을_direct,week_009,routine,0,하인_1___아이고__저희가_근거_없는_괴담을 Direct,10,step_event_week_009_house_talk_하인_1___아이고__저희가_근거_없는_괴담을_direct,set_done_event_week_009_house_talk_하인_1___아이고__저희가_근거_없는_괴담을_dir,card_type_house_talk,Direct,card_house_talk_week_009
event_week_009_house_talk_하인_1___가보는_정직한_마음을_가진_사람을_modified,week_009,routine,0,하인_1___가보는_정직한_마음을_가진_사람을 Modified,10,step_event_week_009_house_talk_하인_1___가보는_정직한_마음을_가진_사람을_modified,set_done_event_week_009_house_talk_하인_1___가보는_정직한_마음을_가진_사람을_mod,card_type_house_talk,Modified,card_house_talk_week_009
event_week_007_external_w007_blocked,week_007,routine,0,w007 Blocked,10,step_event_week_007_external_w007_blocked,set_done_event_week_007_external_w007_blocked,card_type_external_info,Blocked,card_external_week_007
event_week_007_external_상인____네모를_발견하고_소스라치게_놀라며__direct,week_007,routine,0,상인____네모를_발견하고_소스라치게_놀라며_ Direct,10,step_event_week_007_external_상인____네모를_발견하고_소스라치게_놀라며__direct,set_done_event_week_007_external_상인____네모를_발견하고_소스라치게_놀라며__direc,card_type_external_info,Direct,card_external_week_007
event_week_007_external_상인___실은_백작님의_위엄이_워낙_대단해서__modified,week_007,routine,0,상인___실은_백작님의_위엄이_워낙_대단해서_ Modified,10,step_event_week_007_external_상인___실은_백작님의_위엄이_워낙_대단해서__modified,set_done_event_week_007_external_상인___실은_백작님의_위엄이_워낙_대단해서__modif,card_type_external_info,Modified,card_external_week_007
event_week_008_external_상인___사실은_이웃_영지랑_공동으로_진행하는_blocked,week_008,routine,0,상인___사실은_이웃_영지랑_공동으로_진행하는 Blocked,10,step_event_week_008_external_상인___사실은_이웃_영지랑_공동으로_진행하는_blocked,set_done_event_week_008_external_상인___사실은_이웃_영지랑_공동으로_진행하는_block,card_type_external_info,Blocked,card_external_week_008
event_week_008_external_마부_1____급히_입을_막으며__도련님__이_direct,week_008,routine,0,마부_1____급히_입을_막으며__도련님__이 Direct,10,step_event_week_008_external_마부_1____급히_입을_막으며__도련님__이_direct,set_done_event_week_008_external_마부_1____급히_입을_막으며__도련님__이_direc,card_type_external_info,Direct,card_external_week_008
event_week_008_external_마부_1___소문에_따르면_그_왕녀님이_아주__modified,week_008,routine,0,마부_1___소문에_따르면_그_왕녀님이_아주_ Modified,10,step_event_week_008_external_마부_1___소문에_따르면_그_왕녀님이_아주__modified,set_done_event_week_008_external_마부_1___소문에_따르면_그_왕녀님이_아주__modif,card_type_external_info,Modified,card_external_week_008
event_week_009_external_마부_1___실은_도망친_게_아니라__성인이__blocked,week_009,routine,0,마부_1___실은_도망친_게_아니라__성인이_ Blocked,10,step_event_week_009_external_마부_1___실은_도망친_게_아니라__성인이__blocked,set_done_event_week_009_external_마부_1___실은_도망친_게_아니라__성인이__block,card_type_external_info,Blocked,card_external_week_009
event_week_009_external_집사____네모를_보고_서류를_급히_등_뒤로__direct,week_009,routine,0,집사____네모를_보고_서류를_급히_등_뒤로_ Direct,10,step_event_week_009_external_집사____네모를_보고_서류를_급히_등_뒤로__direct,set_done_event_week_009_external_집사____네모를_보고_서류를_급히_등_뒤로__direc,card_type_external_info,Direct,card_external_week_009
event_week_009_external_집사___백작님이_주인님을_너무_사랑하셔서___modified,week_009,routine,0,집사___백작님이_주인님을_너무_사랑하셔서__ Modified,10,step_event_week_009_external_집사___백작님이_주인님을_너무_사랑하셔서___modified,set_done_event_week_009_external_집사___백작님이_주인님을_너무_사랑하셔서___modif,card_type_external_info,Modified,card_external_week_009
