event_id,step_id,line_order,speaker_id,text
routine_letter_blocked,step_letter_blocked_01,0,speaker_nemo,오늘은 말하지 않은 게 오히려 더 크게 남는 것 같아.
routine_outside_open,step_outside_open_01,0,speaker_nemo,바깥에는 어떤 공기가 있을까?
story_letter_suspected,step_story_letter_01,0,speaker_nemo,그 편지 말이야. 왜 조금 이상했어.
story_letter_suspected,step_story_letter_01,1,speaker_maid,오늘은 전부 말씀드리기 어려웠습니다.
story_letter_suspected,step_story_letter_02,0,speaker_nemo,숨긴 게 있지.
night_outside_interest,step_night_outside_01,0,speaker_nemo,바깥 이야기는 계속 생각나.
night_outside_interest,step_night_outside_01,1,speaker_maid,아가씨께서 그렇게 궁금해하실 줄은 몰랐어요.
night_outside_interest,step_night_outside_02,0,speaker_nemo,다음에는 같이 볼 수 있을까?
event_101_child_excursion_garden_01_blocked,step_101_child_excursion_garden_01_blocked_01,0,speaker_nemo,"와, 나비다."
event_101_child_excursion_garden_01_blocked,step_101_child_excursion_garden_01_blocked_01,1,speaker_nemo,어? 저기로 갔네. 잡고 싶은데…
event_101_child_excursion_garden_01_blocked,step_101_child_excursion_garden_01_blocked_01,2,speaker_gardener,주인님~ 그쪽은 안 됩니다~
event_101_child_excursion_garden_01_blocked,step_101_child_excursion_garden_01_blocked_01,3,speaker_nemo,왜요?
event_101_child_excursion_garden_01_blocked,step_101_child_excursion_garden_01_blocked_01,4,speaker_gardener,"뒤쪽은 길이 미끄럽고, 혼자 가시면 위험합니다~"
event_101_child_excursion_garden_01_blocked,step_101_child_excursion_garden_01_blocked_01,5,speaker_nemo,에이… 조금만인데.
event_101_child_excursion_garden_01_blocked,step_101_child_excursion_garden_01_blocked_01,6,speaker_gardener,다음에 어른이 같이 있을 때 가 보시지요~
event_101_child_excursion_garden_01_blocked,step_101_child_excursion_garden_01_blocked_01,7,speaker_nemo,……알겠어요.
event_101_child_excursion_garden_01_direct,step_101_child_excursion_garden_01_direct_01,0,speaker_nemo,"와, 나비다."
event_101_child_excursion_garden_01_direct,step_101_child_excursion_garden_01_direct_01,1,speaker_nemo,어? 저기로 갔네. 잡고 싶은데…
event_101_child_excursion_garden_01_direct,step_101_child_excursion_garden_01_direct_01,2,speaker_nemo,나비 어디 갔지?
event_101_child_excursion_garden_01_direct,step_101_child_excursion_garden_01_direct_01,3,speaker_nemo,우와… 여기 진짜 크다.
event_101_child_excursion_garden_01_direct,step_101_child_excursion_garden_01_direct_01,4,speaker_nemo,물이 반짝반짝해.
event_101_child_excursion_garden_01_direct,step_101_child_excursion_garden_01_direct_01,5,speaker_guard_captain,"주인님, 이제 돌아가시지요."
event_101_child_excursion_garden_01_direct,step_101_child_excursion_garden_01_direct_01,6,speaker_nemo,벌써요?
event_101_child_excursion_garden_01_direct,step_101_child_excursion_garden_01_direct_01,7,speaker_guard_captain,오래 계시면 안 됩니다.
event_101_child_excursion_garden_01_direct,step_101_child_excursion_garden_01_direct_01,8,speaker_nemo,……알겠어요.
event_101_child_excursion_garden_01_direct,step_101_child_excursion_garden_01_direct_01,9,speaker_nemo,다음에 또 오고 싶은데.
event_102_child_excursion_garden_02_blocked,step_102_child_excursion_garden_02_blocked_01,0,speaker_nemo,우와. 오늘은 반짝반짝하네.
event_102_child_excursion_garden_02_blocked,step_102_child_excursion_garden_02_blocked_01,1,speaker_nemo,어? 달팽이다.
event_102_child_excursion_garden_02_blocked,step_102_child_excursion_garden_02_blocked_01,2,speaker_gardener,주인님~ 그건 손대시면 안 됩니다~
event_102_child_excursion_garden_02_blocked,step_102_child_excursion_garden_02_blocked_01,3,speaker_nemo,왜요?
event_102_child_excursion_garden_02_blocked,step_102_child_excursion_garden_02_blocked_01,4,speaker_gardener,"오늘은 아직 젖어 있어서 미끄럽고, 달팽이도 만지다 미끄러질 수 있지요~"
event_102_child_excursion_garden_02_blocked,step_102_child_excursion_garden_02_blocked_01,5,speaker_nemo,에이~ 조심할게요~
event_102_child_excursion_garden_02_blocked,step_102_child_excursion_garden_02_blocked_01,6,speaker_gardener,오늘은 눈으로만 보시는 게 좋습니다~
event_102_child_excursion_garden_02_blocked,step_102_child_excursion_garden_02_blocked_01,7,speaker_nemo,에이. 알겠어요.
event_102_child_excursion_garden_02_direct,step_102_child_excursion_garden_02_direct_01,0,speaker_nemo,우와. 오늘은 반짝반짝하네.
event_102_child_excursion_garden_02_direct,step_102_child_excursion_garden_02_direct_01,1,speaker_nemo,어? 달팽이다.
event_102_child_excursion_garden_02_direct,step_102_child_excursion_garden_02_direct_01,2,speaker_gardener,"손으로 바로 만지시는 대신, 이걸로 살짝 건드려 보실래요?"
event_102_child_excursion_garden_02_direct,step_102_child_excursion_garden_02_direct_01,3,speaker_nemo,우와. 나뭇가지?
event_102_child_excursion_garden_02_direct,step_102_child_excursion_garden_02_direct_01,4,speaker_nemo,"안녕, 달팽이야."
event_102_child_excursion_garden_02_direct,step_102_child_excursion_garden_02_direct_01,5,speaker_nemo,귀엽다…
event_103_child_excursion_garden_rain_01_blocked,step_103_child_excursion_garden_rain_01_blocked_01,0,speaker_nemo,정원 가고 싶은데.
event_103_child_excursion_garden_rain_01_blocked,step_103_child_excursion_garden_rain_01_blocked_01,1,speaker_nemo,재밌겠다.
event_103_child_excursion_garden_rain_01_blocked,step_103_child_excursion_garden_rain_01_blocked_01,2,speaker_nemo,어? 비켜 주세요.
event_103_child_excursion_garden_rain_01_blocked,step_103_child_excursion_garden_rain_01_blocked_01,3,speaker_guard_captain,"오늘은 나가실 수 없습니다, 주인님."
event_103_child_excursion_garden_rain_01_blocked,step_103_child_excursion_garden_rain_01_blocked_01,4,speaker_nemo,왜요?
event_103_child_excursion_garden_rain_01_blocked,step_103_child_excursion_garden_rain_01_blocked_01,5,speaker_guard_captain,나가실 수 없습니다.
event_103_child_excursion_garden_rain_01_blocked,step_103_child_excursion_garden_rain_01_blocked_01,6,speaker_nemo,저 잠깐만 할 건데요.
event_103_child_excursion_garden_rain_01_blocked,step_103_child_excursion_garden_rain_01_blocked_01,7,speaker_guard_captain,안 됩니다.
event_103_child_excursion_garden_rain_01_blocked,step_103_child_excursion_garden_rain_01_blocked_01,8,speaker_nemo,저 그냥 비만 볼 건데.
event_103_child_excursion_garden_rain_01_blocked,step_103_child_excursion_garden_rain_01_blocked_01,9,speaker_guard_captain,백작님의 명령입니다.
event_103_child_excursion_garden_rain_01_blocked,step_103_child_excursion_garden_rain_01_blocked_01,10,speaker_nemo,……에이. 알겠어요.
event_103_child_excursion_garden_rain_01_direct,step_103_child_excursion_garden_rain_01_direct_01,0,speaker_nemo,정원 가고 싶은데.
event_103_child_excursion_garden_rain_01_direct,step_103_child_excursion_garden_rain_01_direct_01,1,speaker_nemo,어? 우산이다.
event_103_child_excursion_garden_rain_01_direct,step_103_child_excursion_garden_rain_01_direct_01,2,speaker_nemo,저 나가도 돼요?
event_103_child_excursion_garden_rain_01_direct,step_103_child_excursion_garden_rain_01_direct_01,3,speaker_guard_captain,예. 준비해 두었습니다.
event_103_child_excursion_garden_rain_01_direct,step_103_child_excursion_garden_rain_01_direct_01,4,speaker_nemo,진짜요?
event_103_child_excursion_garden_rain_01_direct,step_103_child_excursion_garden_rain_01_direct_01,5,speaker_guard_captain,예.
event_103_child_excursion_garden_rain_01_direct,step_103_child_excursion_garden_rain_01_direct_01,6,speaker_nemo,와아!
event_103_child_excursion_garden_rain_01_direct,step_103_child_excursion_garden_rain_01_direct_01,7,speaker_nemo,저 개구리도 찾을래요!
event_104_child_excursion_lake_01_blocked,step_104_child_excursion_lake_01_blocked_01,0,speaker_nemo,"와, 나비다."
event_104_child_excursion_lake_01_blocked,step_104_child_excursion_lake_01_blocked_01,1,speaker_nemo,어? 저기로 갔네. 잡고 싶은데…
event_104_child_excursion_lake_01_blocked,step_104_child_excursion_lake_01_blocked_01,2,speaker_gardener,주인님~ 그쪽은 안 됩니다~
event_104_child_excursion_lake_01_blocked,step_104_child_excursion_lake_01_blocked_01,3,speaker_nemo,왜요?
event_104_child_excursion_lake_01_blocked,step_104_child_excursion_lake_01_blocked_01,4,speaker_gardener,요즘 그쪽에 무서운 짐승이 나온답니다~
event_104_child_excursion_lake_01_blocked,step_104_child_excursion_lake_01_blocked_01,5,speaker_nemo,헉. 진짜요?
event_104_child_excursion_lake_01_blocked,step_104_child_excursion_lake_01_blocked_01,6,speaker_gardener,예~ 다치시면 큰일 나지요~
event_104_child_excursion_lake_01_blocked,step_104_child_excursion_lake_01_blocked_01,7,speaker_nemo,……그럼 안 갈래요.
event_104_child_excursion_lake_01_direct,step_104_child_excursion_lake_01_direct_01,0,speaker_nemo,"우와, 열려 있네."
event_104_child_excursion_lake_01_direct,step_104_child_excursion_lake_01_direct_01,1,speaker_nemo,그럼 나가도 되나?
event_104_child_excursion_lake_01_direct,step_104_child_excursion_lake_01_direct_01,2,speaker_guard_captain,주인님 뒤로 물러나십시오.
event_104_child_excursion_lake_01_direct,step_104_child_excursion_lake_01_direct_01,3,speaker_guard_captain,주인님께서 후문 쪽으로 가실 것 같아 지키고 있었습니다. 이제 돌아가시죠.
event_104_child_excursion_lake_01_direct,step_104_child_excursion_lake_01_direct_01,4,speaker_nemo,훌쩍… 네.
event_105_child_excursion_lake_02_blocked,step_105_child_excursion_lake_02_blocked_01,0,speaker_nemo,우와. 물이 반짝반짝해.
event_105_child_excursion_lake_02_blocked,step_105_child_excursion_lake_02_blocked_01,1,speaker_guard_captain,"주인님, 오늘은 호숫가까지 가실 수 없습니다."
event_105_child_excursion_lake_02_blocked,step_105_child_excursion_lake_02_blocked_01,2,speaker_nemo,왜요?
event_105_child_excursion_lake_02_blocked,step_105_child_excursion_lake_02_blocked_01,3,speaker_guard_captain,물가 쪽은 발을 헛디디기 쉽습니다.
event_105_child_excursion_lake_02_blocked,step_105_child_excursion_lake_02_blocked_01,4,speaker_nemo,저 안 빠질 건데요.
event_105_child_excursion_lake_02_blocked,step_105_child_excursion_lake_02_blocked_01,5,speaker_guard_captain,그래도 안 됩니다.
event_105_child_excursion_lake_02_blocked,step_105_child_excursion_lake_02_blocked_01,6,speaker_nemo,에이…
event_105_child_excursion_lake_02_direct,step_105_child_excursion_lake_02_direct_01,0,speaker_guard_captain,"아주 가까이까진 안 됩니다, 주인님. 이 선까지만입니다."
event_105_child_excursion_lake_02_direct,step_105_child_excursion_lake_02_direct_01,1,speaker_nemo,응!
event_105_child_excursion_lake_02_direct,step_105_child_excursion_lake_02_direct_01,2,speaker_nemo,우와… 진짜 거울 같아.
event_105_child_excursion_lake_02_modified,step_105_child_excursion_lake_02_modified_01,0,speaker_gardener,"호수까진 안 되지만, 물을 조금 떠다 드릴까요~?"
event_105_child_excursion_lake_02_modified,step_105_child_excursion_lake_02_modified_01,1,speaker_nemo,진짜?
event_105_child_excursion_lake_02_modified,step_105_child_excursion_lake_02_modified_01,2,speaker_nemo,우와. 작은 호수네.
event_105_child_excursion_lake_02_modified,step_105_child_excursion_lake_02_modified_01,3,speaker_gardener,오늘은 이걸로 구경하시지요~
event_106_child_excursion_basement_01_blocked,step_106_child_excursion_basement_01_blocked_01,0,speaker_nemo,꼭꼭 숨어라…
event_106_child_excursion_basement_01_blocked,step_106_child_excursion_basement_01_blocked_01,1,speaker_nemo,어? 여기 숨으면 못 찾겠지?
event_106_child_excursion_basement_01_blocked,step_106_child_excursion_basement_01_blocked_01,2,speaker_butler,"주인님, 여긴 안 됩니다."
event_106_child_excursion_basement_01_blocked,step_106_child_excursion_basement_01_blocked_01,3,speaker_nemo,왜요? 여기 딱 좋은데.
event_106_child_excursion_basement_01_blocked,step_106_child_excursion_basement_01_blocked_01,4,speaker_butler,여긴 물건이 많아서 다치실 수 있습니다.
event_106_child_excursion_basement_01_blocked,step_106_child_excursion_basement_01_blocked_01,5,speaker_nemo,저 조심할 건데요.
event_106_child_excursion_basement_01_blocked,step_106_child_excursion_basement_01_blocked_01,6,speaker_butler,안 됩니다. 다른 곳에 숨으시지요.
event_106_child_excursion_basement_01_blocked,step_106_child_excursion_basement_01_blocked_01,7,speaker_nemo,에이… 알겠어요.
event_106_child_excursion_basement_01_direct,step_106_child_excursion_basement_01_direct_01,0,speaker_warehouse_keeper,"주인님, 안쪽은 안 됩니다."
event_106_child_excursion_basement_01_direct,step_106_child_excursion_basement_01_direct_01,1,speaker_nemo,그럼 여기 조금만은요?
event_106_child_excursion_basement_01_direct,step_106_child_excursion_basement_01_direct_01,2,speaker_warehouse_keeper,입구 쪽까지만 가능합니다.
event_106_child_excursion_basement_01_direct,step_106_child_excursion_basement_01_direct_01,3,speaker_nemo,진짜요?
event_106_child_excursion_basement_01_direct,step_106_child_excursion_basement_01_direct_01,4,speaker_warehouse_keeper,예. 이 상자 뒤에 숨으시면 됩니다.
event_106_child_excursion_basement_01_direct,step_106_child_excursion_basement_01_direct_01,5,speaker_nemo,"와, 여기 좋다."
event_106_child_excursion_basement_01_direct,step_106_child_excursion_basement_01_direct_01,6,speaker_nemo,"헤헤, 여기면 못 찾겠다."
event_107_child_excursion_basement_02_blocked,step_107_child_excursion_basement_02_blocked_01,0,speaker_nemo,어? 잡았다.
event_107_child_excursion_basement_02_blocked,step_107_child_excursion_basement_02_blocked_01,1,speaker_nemo,안에 뭐가 있나? 저번보다 더 궁금한데.
event_107_child_excursion_basement_02_blocked,step_107_child_excursion_basement_02_blocked_01,2,speaker_warehouse_keeper,"주인님, 안쪽은 안 됩니다."
event_107_child_excursion_basement_02_blocked,step_107_child_excursion_basement_02_blocked_01,3,speaker_nemo,또요?
event_107_child_excursion_basement_02_blocked,step_107_child_excursion_basement_02_blocked_01,4,speaker_warehouse_keeper,오늘은 안쪽 정리가 덜 끝났습니다.
event_107_child_excursion_basement_02_blocked,step_107_child_excursion_basement_02_blocked_01,5,speaker_nemo,맨날 안 된대.
event_107_child_excursion_basement_02_blocked,step_107_child_excursion_basement_02_blocked_01,6,speaker_warehouse_keeper,그래도 안 됩니다.
event_107_child_excursion_basement_02_blocked,step_107_child_excursion_basement_02_blocked_01,7,speaker_nemo,……알겠어요.
event_107_child_excursion_basement_02_direct,step_107_child_excursion_basement_02_direct_01,0,speaker_warehouse_keeper,"보셔도 됩니다, 주인님."
event_107_child_excursion_basement_02_direct,step_107_child_excursion_basement_02_direct_01,1,speaker_nemo,진짜요?
event_107_child_excursion_basement_02_direct,step_107_child_excursion_basement_02_direct_01,2,speaker_nemo,우와. 냄새가 다르다.
event_107_child_excursion_basement_02_direct,step_107_child_excursion_basement_02_direct_01,3,speaker_warehouse_keeper,안쪽은 저장고라 그렇습니다.
event_107_child_excursion_basement_02_direct,step_107_child_excursion_basement_02_direct_01,4,speaker_nemo,이 상자는 뭐 들어 있어?
event_107_child_excursion_basement_02_direct,step_107_child_excursion_basement_02_direct_01,5,speaker_warehouse_keeper,오늘 저녁 재료입니다.
event_108_child_excursion_library_01_blocked,step_108_child_excursion_library_01_blocked_01,0,speaker_nemo,우와… 책 진짜 많다.
event_108_child_excursion_library_01_blocked,step_108_child_excursion_library_01_blocked_01,1,speaker_nemo,저거 반짝반짝한다. 저거 보고 싶은데.
event_108_child_excursion_library_01_blocked,step_108_child_excursion_library_01_blocked_01,2,speaker_librarian,"주인님, 그 책은 안 됩니다."
event_108_child_excursion_library_01_blocked,step_108_child_excursion_library_01_blocked_01,3,speaker_nemo,왜요?
event_108_child_excursion_library_01_blocked,step_108_child_excursion_library_01_blocked_01,4,speaker_librarian,높은 곳에 있어서 위험합니다.
event_108_child_excursion_library_01_blocked,step_108_child_excursion_library_01_blocked_01,5,speaker_nemo,저 조금만 볼 건데.
event_108_child_excursion_library_01_blocked,step_108_child_excursion_library_01_blocked_01,6,speaker_librarian,안 됩니다. 아직 주인님께는 어려운 책입니다.
event_108_child_excursion_library_01_blocked,step_108_child_excursion_library_01_blocked_01,7,speaker_nemo,그림도 안 돼요?
event_108_child_excursion_library_01_blocked,step_108_child_excursion_library_01_blocked_01,8,speaker_librarian,이쪽 책은 보셔도 됩니다.
event_108_child_excursion_library_01_blocked,step_108_child_excursion_library_01_blocked_01,9,speaker_nemo,……알겠어요.
event_108_child_excursion_library_01_direct,step_108_child_excursion_library_01_direct_01,0,speaker_librarian,"주인님, 저 책이 궁금하셨습니까?"
event_108_child_excursion_library_01_direct,step_108_child_excursion_library_01_direct_01,1,speaker_nemo,응. 저 반짝이는 거.
event_108_child_excursion_library_01_direct,step_108_child_excursion_library_01_direct_01,2,speaker_librarian,혼자 꺼내시면 위험하니 제가 내려드리겠습니다.
event_108_child_excursion_library_01_direct,step_108_child_excursion_library_01_direct_01,3,speaker_nemo,진짜요?
event_108_child_excursion_library_01_direct,step_108_child_excursion_library_01_direct_01,4,speaker_librarian,예. 대신 조심해서 보셔야 합니다.
event_108_child_excursion_library_01_direct,step_108_child_excursion_library_01_direct_01,5,speaker_nemo,응! 조심할래요!
event_108_child_excursion_library_01_direct,step_108_child_excursion_library_01_direct_01,6,speaker_nemo,우와… 그림이다.
event_108_child_excursion_library_01_direct,step_108_child_excursion_library_01_direct_01,7,speaker_nemo,이거 예쁘다. 다른 것도 보고 싶어.
event_108_child_excursion_library_01_modified,step_108_child_excursion_library_01_modified_01,0,speaker_librarian,"저 책은 안 됩니다, 주인님."
event_108_child_excursion_library_01_modified,step_108_child_excursion_library_01_modified_01,1,speaker_nemo,에에…
event_108_child_excursion_library_01_modified,step_108_child_excursion_library_01_modified_01,2,speaker_librarian,대신 주인님이 보실 만한 반짝이는 책이 하나 더 있습니다.
event_108_child_excursion_library_01_modified,step_108_child_excursion_library_01_modified_01,3,speaker_nemo,진짜요?
event_108_child_excursion_library_01_modified,step_108_child_excursion_library_01_modified_01,4,speaker_librarian,예. 동물 그림이 많은 책입니다.
event_108_child_excursion_library_01_modified,step_108_child_excursion_library_01_modified_01,5,speaker_nemo,동물?
event_108_child_excursion_library_01_modified,step_108_child_excursion_library_01_modified_01,6,speaker_nemo,그거 볼래요!
event_109_child_excursion_library_02_blocked,step_109_child_excursion_library_02_blocked_01,0,speaker_nemo,어? 이것도 봐도 되나?
event_109_child_excursion_library_02_blocked,step_109_child_excursion_library_02_blocked_01,1,speaker_librarian,"주인님, 이 책은 손대셔선 안 됩니다."
event_109_child_excursion_library_02_blocked,step_109_child_excursion_library_02_blocked_01,2,speaker_nemo,왜요?
event_109_child_excursion_library_02_blocked,step_109_child_excursion_library_02_blocked_01,3,speaker_librarian,책이 오래되어 자칫하면 훼손될 수 있기 때문입니다.
event_109_child_excursion_library_02_blocked,step_109_child_excursion_library_02_blocked_01,4,speaker_nemo,조금만인데.
event_109_child_excursion_library_02_blocked,step_109_child_excursion_library_02_blocked_01,5,speaker_librarian,안 됩니다.
event_109_child_excursion_library_02_blocked,step_109_child_excursion_library_02_blocked_01,6,speaker_nemo,에이…
event_109_child_excursion_library_02_direct,step_109_child_excursion_library_02_direct_01,0,speaker_librarian,"그 책은 어려우실 겁니다, 주인님."
event_109_child_excursion_library_02_direct,step_109_child_excursion_library_02_direct_01,1,speaker_nemo,진짜요?
event_109_child_excursion_library_02_direct,step_109_child_excursion_library_02_direct_01,2,speaker_nemo,우와. 모르는 글자 엄청 많아.
event_109_child_excursion_library_02_direct,step_109_child_excursion_library_02_direct_01,3,speaker_nemo,그림도 없네. 재미없어.
event_110_child_excursion_study_01_blocked,step_110_child_excursion_study_01_blocked_01,0,speaker_nemo,저기 반짝이는 거 있다. 만져 보고 싶은데.
event_110_child_excursion_study_01_blocked,step_110_child_excursion_study_01_blocked_01,1,speaker_butler,"주인님, 이쪽은 안 됩니다."
event_110_child_excursion_study_01_blocked,step_110_child_excursion_study_01_blocked_01,2,speaker_nemo,왜요?
event_110_child_excursion_study_01_blocked,step_110_child_excursion_study_01_blocked_01,3,speaker_butler,백작님의 중요한 물건이 있는 곳입니다.
event_110_child_excursion_study_01_blocked,step_110_child_excursion_study_01_blocked_01,4,speaker_nemo,저 조금만 볼 건데요.
event_110_child_excursion_study_01_blocked,step_110_child_excursion_study_01_blocked_01,5,speaker_butler,안 됩니다. 다치시거나 망가뜨리시면 곤란합니다.
event_110_child_excursion_study_01_blocked,step_110_child_excursion_study_01_blocked_01,6,speaker_nemo,에이… 알겠어요.
event_110_child_excursion_study_01_direct,step_110_child_excursion_study_01_direct_01,0,speaker_secretary,"주인님, 안이 궁금하십니까?"
event_110_child_excursion_study_01_direct,step_110_child_excursion_study_01_direct_01,1,speaker_nemo,응. 저 반짝이는 거 보고 싶어요.
event_110_child_excursion_study_01_direct,step_110_child_excursion_study_01_direct_01,2,speaker_secretary,"안쪽까진 안 되지만, 문 앞에서 잠깐 보는 건 괜찮습니다."
event_110_child_excursion_study_01_direct,step_110_child_excursion_study_01_direct_01,3,speaker_nemo,진짜요?
event_110_child_excursion_study_01_direct,step_110_child_excursion_study_01_direct_01,4,speaker_secretary,예. 대신 손대시면 안 됩니다.
event_110_child_excursion_study_01_direct,step_110_child_excursion_study_01_direct_01,5,speaker_nemo,응! 안 만질래요!
event_110_child_excursion_study_01_direct,step_110_child_excursion_study_01_direct_01,6,speaker_nemo,우와… 멋있다.
event_110_child_excursion_study_01_direct,step_110_child_excursion_study_01_direct_01,7,speaker_nemo,백작님은 맨날 이런 거 쓰나?
event_110_child_excursion_study_01_modified,step_110_child_excursion_study_01_modified_01,0,speaker_butler,"주인님, 서재 안은 안 됩니다."
event_110_child_excursion_study_01_modified,step_110_child_excursion_study_01_modified_01,1,speaker_nemo,에에…
event_110_child_excursion_study_01_modified,step_110_child_excursion_study_01_modified_01,2,speaker_butler,대신 백작님께서 쓰시는 것과 비슷한 깃펜을 하나 보여드릴까요?
event_110_child_excursion_study_01_modified,step_110_child_excursion_study_01_modified_01,3,speaker_nemo,진짜요?
event_110_child_excursion_study_01_modified,step_110_child_excursion_study_01_modified_01,4,speaker_butler,"예. 잉크는 묻히지 않고, 잡아만 보시는 겁니다."
event_110_child_excursion_study_01_modified,step_110_child_excursion_study_01_modified_01,5,speaker_nemo,응! 그거 해 볼래요.
event_110_child_excursion_study_01_modified,step_110_child_excursion_study_01_modified_01,6,speaker_nemo,우와. 흔들흔들해.
event_110_child_excursion_study_01_modified,step_110_child_excursion_study_01_modified_01,7,speaker_nemo,나도 백작님 같아.
event_111_child_excursion_study_02_blocked,step_111_child_excursion_study_02_blocked_01,0,speaker_nemo,어? 이번엔 종이가 많네. 저 빨간 건 또 뭐지?
event_111_child_excursion_study_02_blocked,step_111_child_excursion_study_02_blocked_01,1,speaker_secretary,"주인님, 이쪽은 보시면 안 됩니다."
event_111_child_excursion_study_02_blocked,step_111_child_excursion_study_02_blocked_01,2,speaker_nemo,왜요?
event_111_child_excursion_study_02_blocked,step_111_child_excursion_study_02_blocked_01,3,speaker_secretary,백작님 업무용 문서입니다.
event_111_child_excursion_study_02_blocked,step_111_child_excursion_study_02_blocked_01,4,speaker_nemo,맨날 중요한 거야.
event_111_child_excursion_study_02_blocked,step_111_child_excursion_study_02_blocked_01,5,speaker_secretary,예. 오늘도 그렇습니다.
event_111_child_excursion_study_02_blocked,step_111_child_excursion_study_02_blocked_01,6,speaker_nemo,알겠어요.
event_111_child_excursion_study_02_direct,step_111_child_excursion_study_02_direct_01,0,speaker_secretary,"가까이 오시면 안 되지만, 여기서 보는 건 괜찮습니다."
event_111_child_excursion_study_02_direct,step_111_child_excursion_study_02_direct_01,1,speaker_nemo,응. 저 빨간 건 뭐야?
event_111_child_excursion_study_02_direct,step_111_child_excursion_study_02_direct_01,2,speaker_secretary,밀랍입니다. 백작님께서 문서를 봉할 때 쓰십니다.
event_111_child_excursion_study_02_direct,step_111_child_excursion_study_02_direct_01,3,speaker_nemo,봉해?
event_111_child_excursion_study_02_direct,step_111_child_excursion_study_02_direct_01,4,speaker_secretary,열지 못하게 딱 붙이는 겁니다.
event_111_child_excursion_study_02_direct,step_111_child_excursion_study_02_direct_01,5,speaker_nemo,왜?
event_111_child_excursion_study_02_direct,step_111_child_excursion_study_02_direct_01,6,speaker_secretary,받는 사람 외의 이가 보면 안 되니까요.
event_111_child_excursion_study_02_direct,step_111_child_excursion_study_02_direct_01,7,speaker_nemo,왜?
event_201_child_visitor_cousin_1_01_blocked,step_201_child_visitor_cousin_1_01_blocked_01,0,speaker_nemo,어? 오늘 손님 와요?
event_201_child_visitor_cousin_1_01_blocked,step_201_child_visitor_cousin_1_01_blocked_01,1,speaker_maid,"예, 주인님. 백작님의 사촌 어르신께서 오십니다."
event_201_child_visitor_cousin_1_01_blocked,step_201_child_visitor_cousin_1_01_blocked_01,2,speaker_nemo,사촌이면 가족이지?
event_201_child_visitor_cousin_1_01_blocked,step_201_child_visitor_cousin_1_01_blocked_01,3,speaker_maid,그렇습니다.
event_201_child_visitor_cousin_1_01_blocked,step_201_child_visitor_cousin_1_01_blocked_01,4,speaker_butler,"주인님, 오늘은 응접실에 가시면 안 됩니다."
event_201_child_visitor_cousin_1_01_blocked,step_201_child_visitor_cousin_1_01_blocked_01,5,speaker_nemo,왜요?
event_201_child_visitor_cousin_1_01_blocked,step_201_child_visitor_cousin_1_01_blocked_01,6,speaker_butler,어른들끼리 할 이야기가 있습니다.
event_201_child_visitor_cousin_1_01_blocked,step_201_child_visitor_cousin_1_01_blocked_01,7,speaker_nemo,나도 가족인데?
event_201_child_visitor_cousin_1_01_blocked,step_201_child_visitor_cousin_1_01_blocked_01,8,speaker_butler,오늘은 안 됩니다.
event_201_child_visitor_cousin_1_01_blocked,step_201_child_visitor_cousin_1_01_blocked_01,9,speaker_nemo,……알겠어요.
event_201_child_visitor_cousin_1_01_direct,step_201_child_visitor_cousin_1_01_direct_01,0,speaker_cousin_1,안녕? 네가 네모구나.
event_201_child_visitor_cousin_1_01_direct,step_201_child_visitor_cousin_1_01_direct_01,1,speaker_nemo,안녕하세요.
event_201_child_visitor_cousin_1_01_direct,step_201_child_visitor_cousin_1_01_direct_01,2,speaker_cousin_1,"처음 뵙습니다, 주인님."
event_201_child_visitor_cousin_1_01_direct,step_201_child_visitor_cousin_1_01_direct_01,3,speaker_nemo,헤헤.
event_201_child_visitor_cousin_1_01_direct,step_201_child_visitor_cousin_1_01_direct_01,4,speaker_cousin_1,이리 와 보렴. 작은 선물을 준비했단다.
event_201_child_visitor_cousin_1_01_direct,step_201_child_visitor_cousin_1_01_direct_01,5,speaker_nemo,선물?
event_201_child_visitor_cousin_1_01_direct,step_201_child_visitor_cousin_1_01_direct_01,6,speaker_nemo,우와!
event_201_child_visitor_cousin_1_01_direct,step_201_child_visitor_cousin_1_01_direct_01,7,speaker_cousin_1,마음에 드니?
event_201_child_visitor_cousin_1_01_direct,step_201_child_visitor_cousin_1_01_direct_01,8,speaker_nemo,네! 감사합니다.
event_201_child_visitor_cousin_1_01_direct,step_201_child_visitor_cousin_1_01_direct_01,9,speaker_cousin_1,앞으로도 종종 보자꾸나.
event_202_child_visitor_cousin_1_02_blocked,step_202_child_visitor_cousin_1_02_blocked_01,0,speaker_cousin_1,또 만나는구나.
event_202_child_visitor_cousin_1_02_blocked,step_202_child_visitor_cousin_1_02_blocked_01,1,speaker_nemo,안녕하세요.
event_202_child_visitor_cousin_1_02_blocked,step_202_child_visitor_cousin_1_02_blocked_01,2,speaker_butler,"주인님, 오늘은 길게 계시면 안 됩니다."
event_202_child_visitor_cousin_1_02_blocked,step_202_child_visitor_cousin_1_02_blocked_01,3,speaker_cousin_1,아쉽군. 지난번엔 아주 반가웠는데.
event_202_child_visitor_cousin_1_02_blocked,step_202_child_visitor_cousin_1_02_blocked_01,4,speaker_nemo,조금만 더 보면 안 돼요?
event_202_child_visitor_cousin_1_02_blocked,step_202_child_visitor_cousin_1_02_blocked_01,5,speaker_butler,안 됩니다.
event_202_child_visitor_cousin_1_02_blocked,step_202_child_visitor_cousin_1_02_blocked_01,6,speaker_cousin_1,다음엔 꼭 선물을 주마.
event_202_child_visitor_cousin_1_02_blocked,step_202_child_visitor_cousin_1_02_blocked_01,7,speaker_nemo,진짜?
event_202_child_visitor_cousin_1_02_blocked,step_202_child_visitor_cousin_1_02_blocked_01,8,speaker_butler,주인님.
event_202_child_visitor_cousin_1_02_blocked,step_202_child_visitor_cousin_1_02_blocked_01,9,speaker_nemo,……응.
event_202_child_visitor_cousin_1_02_direct,step_202_child_visitor_cousin_1_02_direct_01,0,speaker_cousin_1,이번엔 이걸 가져왔다.
event_202_child_visitor_cousin_1_02_direct,step_202_child_visitor_cousin_1_02_direct_01,1,speaker_nemo,우와. 뭐야?
event_202_child_visitor_cousin_1_02_direct,step_202_child_visitor_cousin_1_02_direct_01,2,speaker_cousin_1,뚜껑을 열어 보렴.
event_202_child_visitor_cousin_1_02_direct,step_202_child_visitor_cousin_1_02_direct_01,3,speaker_nemo,헉. 움직여?
event_202_child_visitor_cousin_1_02_direct,step_202_child_visitor_cousin_1_02_direct_01,4,speaker_cousin_1,태엽을 감으면 말이지.
event_202_child_visitor_cousin_1_02_direct,step_202_child_visitor_cousin_1_02_direct_01,5,speaker_nemo,우와…
event_203_child_visitor_cousin_2_01_blocked,step_203_child_visitor_cousin_2_01_blocked_01,0,speaker_nemo,어? 저 애는 누구야?
event_203_child_visitor_cousin_2_01_blocked,step_203_child_visitor_cousin_2_01_blocked_01,1,speaker_maid,사촌 어르신과 함께 온 주인님이십니다.
event_203_child_visitor_cousin_2_01_blocked,step_203_child_visitor_cousin_2_01_blocked_01,2,speaker_nemo,나랑 비슷한데.
event_203_child_visitor_cousin_2_01_blocked,step_203_child_visitor_cousin_2_01_blocked_01,3,speaker_butler,"주인님, 오늘은 인사만 하시는 게 좋겠습니다."
event_203_child_visitor_cousin_2_01_blocked,step_203_child_visitor_cousin_2_01_blocked_01,4,speaker_nemo,왜요?
event_203_child_visitor_cousin_2_01_blocked,step_203_child_visitor_cousin_2_01_blocked_01,5,speaker_butler,손님도 아직 어색해하는 듯합니다.
event_203_child_visitor_cousin_2_01_blocked,step_203_child_visitor_cousin_2_01_blocked_01,6,speaker_nemo,같이 놀면 안 돼요?
event_203_child_visitor_cousin_2_01_blocked,step_203_child_visitor_cousin_2_01_blocked_01,7,speaker_butler,오늘은 안 됩니다.
event_203_child_visitor_cousin_2_01_blocked,step_203_child_visitor_cousin_2_01_blocked_01,8,speaker_nemo,안녕.
event_203_child_visitor_cousin_2_01_blocked,step_203_child_visitor_cousin_2_01_blocked_01,9,speaker_cousin_2,……안녕.
event_203_child_visitor_cousin_2_01_direct,step_203_child_visitor_cousin_2_01_direct_01,0,speaker_nemo,안녕.
event_203_child_visitor_cousin_2_01_direct,step_203_child_visitor_cousin_2_01_direct_01,1,speaker_cousin_2,……안녕.
event_203_child_visitor_cousin_2_01_direct,step_203_child_visitor_cousin_2_01_direct_01,2,speaker_nemo,너 이름 뭐야?
event_203_child_visitor_cousin_2_01_direct,step_203_child_visitor_cousin_2_01_direct_01,3,speaker_cousin_2,……
event_203_child_visitor_cousin_2_01_direct,step_203_child_visitor_cousin_2_01_direct_01,4,speaker_nemo,왜 대답 안 해?
event_203_child_visitor_cousin_2_01_direct,step_203_child_visitor_cousin_2_01_direct_01,5,speaker_cousin_2,"미, 미안. 나… ○○이야."
event_203_child_visitor_cousin_2_01_direct,step_203_child_visitor_cousin_2_01_direct_01,6,speaker_nemo,난 네모야.
event_203_child_visitor_cousin_2_01_direct,step_203_child_visitor_cousin_2_01_direct_01,7,speaker_cousin_2,응.
event_203_child_visitor_cousin_2_01_direct,step_203_child_visitor_cousin_2_01_direct_01,8,speaker_nemo,너도 사탕 좋아해?
event_203_child_visitor_cousin_2_01_direct,step_203_child_visitor_cousin_2_01_direct_01,9,speaker_cousin_2,……좋아해.
event_203_child_visitor_cousin_2_01_direct,step_203_child_visitor_cousin_2_01_direct_01,10,speaker_nemo,다음엔 같이 놀래?
event_203_child_visitor_cousin_2_01_direct,step_203_child_visitor_cousin_2_01_direct_01,11,speaker_cousin_2,……응. 아마도.
event_204_child_visitor_cousin_2_02_blocked,step_204_child_visitor_cousin_2_02_blocked_01,0,speaker_nemo,안녕.
event_204_child_visitor_cousin_2_02_blocked,step_204_child_visitor_cousin_2_02_blocked_01,1,speaker_cousin_2,……안녕.
event_204_child_visitor_cousin_2_02_blocked,step_204_child_visitor_cousin_2_02_blocked_01,2,speaker_butler,"오늘은 길게 놀 수 없습니다, 주인님."
event_204_child_visitor_cousin_2_02_blocked,step_204_child_visitor_cousin_2_02_blocked_01,3,speaker_nemo,왜요?
event_204_child_visitor_cousin_2_02_blocked,step_204_child_visitor_cousin_2_02_blocked_01,4,speaker_cousin_2,……괜찮아.
event_204_child_visitor_cousin_2_02_blocked,step_204_child_visitor_cousin_2_02_blocked_01,5,speaker_nemo,안 괜찮은데.
event_204_child_visitor_cousin_2_02_blocked,step_204_child_visitor_cousin_2_02_blocked_01,6,speaker_cousin_2,다음에… 또 보면 되니까.
event_204_child_visitor_cousin_2_02_direct,step_204_child_visitor_cousin_2_02_direct_01,0,speaker_nemo,저번에 사탕 좋아한다며.
event_204_child_visitor_cousin_2_02_direct,step_204_child_visitor_cousin_2_02_direct_01,1,speaker_cousin_2,응.
event_204_child_visitor_cousin_2_02_direct,step_204_child_visitor_cousin_2_02_direct_01,2,speaker_nemo,나도 좋아해.
event_204_child_visitor_cousin_2_02_direct,step_204_child_visitor_cousin_2_02_direct_01,3,speaker_cousin_2,알아.
event_204_child_visitor_cousin_2_02_direct,step_204_child_visitor_cousin_2_02_direct_01,4,speaker_nemo,알아?
event_204_child_visitor_cousin_2_02_direct,step_204_child_visitor_cousin_2_02_direct_01,5,speaker_cousin_2,저번에 말했잖아.
event_204_child_visitor_cousin_2_02_direct,step_204_child_visitor_cousin_2_02_direct_01,6,speaker_cousin_2,너… 숨바꼭질 좋아해?
event_204_child_visitor_cousin_2_02_direct,step_204_child_visitor_cousin_2_02_direct_01,7,speaker_nemo,좋아해!
event_204_child_visitor_cousin_2_02_direct,step_204_child_visitor_cousin_2_02_direct_01,8,speaker_cousin_2,……그럼 다음엔 같이 하자.
event_205_child_visitor_friend_1_01_blocked,step_205_child_visitor_friend_1_01_blocked_01,0,speaker_nemo,쟤도 손님이야?
event_205_child_visitor_friend_1_01_blocked,step_205_child_visitor_friend_1_01_blocked_01,1,speaker_maid,"예, 주인님. 오늘은 또래 손님도 함께 왔답니다."
event_205_child_visitor_friend_1_01_blocked,step_205_child_visitor_friend_1_01_blocked_01,2,speaker_friend_1,안녕! 너 네모지?
event_205_child_visitor_friend_1_01_blocked,step_205_child_visitor_friend_1_01_blocked_01,3,speaker_nemo,어? 응.
event_205_child_visitor_friend_1_01_blocked,step_205_child_visitor_friend_1_01_blocked_01,4,speaker_friend_1,난 ○○이야. 우리 같이 놀래?
event_205_child_visitor_friend_1_01_blocked,step_205_child_visitor_friend_1_01_blocked_01,5,speaker_maid,"주인님, 오늘은 오래 놀면 안 됩니다."
event_205_child_visitor_friend_1_01_blocked,step_205_child_visitor_friend_1_01_blocked_01,6,speaker_nemo,왜요?
event_205_child_visitor_friend_1_01_blocked,step_205_child_visitor_friend_1_01_blocked_01,7,speaker_maid,손님도 금방 돌아가실 테니까요.
event_205_child_visitor_friend_1_01_blocked,step_205_child_visitor_friend_1_01_blocked_01,8,speaker_friend_1,잠깐만 놀아도 안 돼?
event_205_child_visitor_friend_1_01_blocked,step_205_child_visitor_friend_1_01_blocked_01,9,speaker_maid,오늘은 인사만 하셔야 합니다.
event_205_child_visitor_friend_1_01_blocked,step_205_child_visitor_friend_1_01_blocked_01,10,speaker_nemo,같이 놀고 싶은데.
event_205_child_visitor_friend_1_01_blocked,step_205_child_visitor_friend_1_01_blocked_01,11,speaker_friend_1,괜찮아. 다음에 또 보자!
event_205_child_visitor_friend_1_01_direct,step_205_child_visitor_friend_1_01_direct_01,0,speaker_friend_1,안녕! 너 네모지?
event_205_child_visitor_friend_1_01_direct,step_205_child_visitor_friend_1_01_direct_01,1,speaker_nemo,어? 응.
event_205_child_visitor_friend_1_01_direct,step_205_child_visitor_friend_1_01_direct_01,2,speaker_friend_1,난 ○○이야. 우리 같이 놀래?
event_205_child_visitor_friend_1_01_direct,step_205_child_visitor_friend_1_01_direct_01,3,speaker_maid,너무 멀리만 가지 마세요.
event_205_child_visitor_friend_1_01_direct,step_205_child_visitor_friend_1_01_direct_01,4,speaker_nemo,진짜요?
event_205_child_visitor_friend_1_01_direct,step_205_child_visitor_friend_1_01_direct_01,5,speaker_friend_1,와! 가자!
event_205_child_visitor_friend_1_01_direct,step_205_child_visitor_friend_1_01_direct_01,6,speaker_nemo,어어? 빨라!
event_205_child_visitor_friend_1_01_direct,step_205_child_visitor_friend_1_01_direct_01,7,speaker_friend_1,너 술래 할래?
event_205_child_visitor_friend_1_01_direct,step_205_child_visitor_friend_1_01_direct_01,8,speaker_nemo,싫어! 나 숨을래!
event_205_child_visitor_friend_1_01_direct,step_205_child_visitor_friend_1_01_direct_01,9,speaker_friend_1,그럼 내가 찾는다!
event_205_child_visitor_friend_1_01_direct,step_205_child_visitor_friend_1_01_direct_01,10,speaker_friend_1,찾았다!
event_205_child_visitor_friend_1_01_direct,step_205_child_visitor_friend_1_01_direct_01,11,speaker_nemo,에에! 벌써?
event_206_child_visitor_friend_1_02_blocked,step_206_child_visitor_friend_1_02_blocked_01,0,speaker_friend_1,네모! 또 왔다!
event_206_child_visitor_friend_1_02_blocked,step_206_child_visitor_friend_1_02_blocked_01,1,speaker_nemo,진짜 빠르네.
event_206_child_visitor_friend_1_02_blocked,step_206_child_visitor_friend_1_02_blocked_01,2,speaker_maid,"주인님, 오늘은 많이 뛰면 안 됩니다."
event_206_child_visitor_friend_1_02_blocked,step_206_child_visitor_friend_1_02_blocked_01,3,speaker_friend_1,왜에?
event_206_child_visitor_friend_1_02_blocked,step_206_child_visitor_friend_1_02_blocked_01,4,speaker_nemo,나도 뛰고 싶은데.
event_206_child_visitor_friend_1_02_blocked,step_206_child_visitor_friend_1_02_blocked_01,5,speaker_maid,오늘은 짧게만입니다.
event_206_child_visitor_friend_1_02_blocked,step_206_child_visitor_friend_1_02_blocked_01,6,speaker_friend_1,그럼 제자리 달리기 할래?
event_206_child_visitor_friend_1_02_blocked,step_206_child_visitor_friend_1_02_blocked_01,7,speaker_nemo,그건 이상한데.
event_206_child_visitor_friend_1_02_direct,step_206_child_visitor_friend_1_02_direct_01,0,speaker_friend_1,오늘은 숨바꼭질 말고 술래잡기 하자!
event_206_child_visitor_friend_1_02_direct,step_206_child_visitor_friend_1_02_direct_01,1,speaker_nemo,좋아!
event_206_child_visitor_friend_1_02_direct,step_206_child_visitor_friend_1_02_direct_01,2,speaker_friend_1,너 빠르다.
event_206_child_visitor_friend_1_02_direct,step_206_child_visitor_friend_1_02_direct_01,3,speaker_nemo,진짜?
event_206_child_visitor_friend_1_02_direct,step_206_child_visitor_friend_1_02_direct_01,4,speaker_friend_1,응. 안 잡혀.
event_207_child_visitor_friend_2_01_blocked,step_207_child_visitor_friend_2_01_blocked_01,0,speaker_nemo,어? 쟤는 왜 저렇게 가만히 있어?
event_207_child_visitor_friend_2_01_blocked,step_207_child_visitor_friend_2_01_blocked_01,1,speaker_maid,백작님의 손님과 같이 오신 손님이십니다.
event_207_child_visitor_friend_2_01_blocked,step_207_child_visitor_friend_2_01_blocked_01,2,speaker_nemo,나보다 얌전한데.
event_207_child_visitor_friend_2_01_blocked,step_207_child_visitor_friend_2_01_blocked_01,3,speaker_maid,"주인님, 오늘은 인사만 하셔야 합니다."
event_207_child_visitor_friend_2_01_blocked,step_207_child_visitor_friend_2_01_blocked_01,4,speaker_nemo,왜요?
event_207_child_visitor_friend_2_01_blocked,step_207_child_visitor_friend_2_01_blocked_01,5,speaker_maid,백작님께서 손님께 예를 갖추라 하셨습니다.
event_207_child_visitor_friend_2_01_blocked,step_207_child_visitor_friend_2_01_blocked_01,6,speaker_nemo,네… 안녕.
event_207_child_visitor_friend_2_01_blocked,step_207_child_visitor_friend_2_01_blocked_01,7,speaker_friend_2,……안녕.
event_207_child_visitor_friend_2_01_blocked,step_207_child_visitor_friend_2_01_blocked_01,8,speaker_nemo,끝이야?
event_207_child_visitor_friend_2_01_blocked,step_207_child_visitor_friend_2_01_blocked_01,9,speaker_maid,"네, 오늘은 여기까지입니다."
event_207_child_visitor_friend_2_01_direct,step_207_child_visitor_friend_2_01_direct_01,0,speaker_nemo,안녕.
event_207_child_visitor_friend_2_01_direct,step_207_child_visitor_friend_2_01_direct_01,1,speaker_friend_2,안녕.
event_207_child_visitor_friend_2_01_direct,step_207_child_visitor_friend_2_01_direct_01,2,speaker_nemo,너는 왜 안 놀아?
event_207_child_visitor_friend_2_01_direct,step_207_child_visitor_friend_2_01_direct_01,3,speaker_friend_2,옷 더러워지잖아.
event_207_child_visitor_friend_2_01_direct,step_207_child_visitor_friend_2_01_direct_01,4,speaker_nemo,엥? 난 괜찮은데.
event_207_child_visitor_friend_2_01_direct,step_207_child_visitor_friend_2_01_direct_01,5,speaker_friend_2,너는 그래 보여.
event_207_child_visitor_friend_2_01_direct,step_207_child_visitor_friend_2_01_direct_01,6,speaker_nemo,?
event_207_child_visitor_friend_2_01_direct,step_207_child_visitor_friend_2_01_direct_01,7,speaker_friend_2,너 이상해.
event_207_child_visitor_friend_2_01_direct,step_207_child_visitor_friend_2_01_direct_01,8,speaker_nemo,..?
event_207_child_visitor_friend_2_01_direct,step_207_child_visitor_friend_2_01_direct_01,9,speaker_friend_2,여기 먼지 묻었어.
event_207_child_visitor_friend_2_01_direct,step_207_child_visitor_friend_2_01_direct_01,10,speaker_nemo,……고마워.
event_208_child_visitor_friend_2_02_blocked,step_208_child_visitor_friend_2_02_blocked_01,0,speaker_nemo,안녕.
event_208_child_visitor_friend_2_02_blocked,step_208_child_visitor_friend_2_02_blocked_01,1,speaker_friend_2,안녕.
event_208_child_visitor_friend_2_02_blocked,step_208_child_visitor_friend_2_02_blocked_01,2,speaker_maid,"주인님, 오늘은 짧게만 인사하셔야 합니다."
event_208_child_visitor_friend_2_02_blocked,step_208_child_visitor_friend_2_02_blocked_01,3,speaker_friend_2,괜찮아. 난 오래 서 있는 거 싫어해.
event_208_child_visitor_friend_2_02_blocked,step_208_child_visitor_friend_2_02_blocked_01,4,speaker_nemo,나 너 싫어.
event_208_child_visitor_friend_2_02_blocked,step_208_child_visitor_friend_2_02_blocked_01,5,speaker_friend_2,나도 너 싫어.
event_208_child_visitor_friend_2_02_blocked,step_208_child_visitor_friend_2_02_blocked_01,6,speaker_nemo,뭐야.
event_208_child_visitor_friend_2_02_direct,step_208_child_visitor_friend_2_02_direct_01,0,speaker_nemo,오늘도 옷 더러워지는 거 싫어?
event_208_child_visitor_friend_2_02_direct,step_208_child_visitor_friend_2_02_direct_01,1,speaker_friend_2,응.
event_208_child_visitor_friend_2_02_direct,step_208_child_visitor_friend_2_02_direct_01,2,speaker_nemo,알았어.
event_208_child_visitor_friend_2_02_direct,step_208_child_visitor_friend_2_02_direct_01,3,speaker_friend_2,너는 계속 먼지 묻히고 다니잖아.
event_208_child_visitor_friend_2_02_direct,step_208_child_visitor_friend_2_02_direct_01,4,speaker_friend_2,오늘은 네가 닦아.
event_208_child_visitor_friend_2_02_direct,step_208_child_visitor_friend_2_02_direct_01,5,speaker_nemo,내가?
event_208_child_visitor_friend_2_02_direct,step_208_child_visitor_friend_2_02_direct_01,6,speaker_friend_2,응. 매번 내가 해 줄 순 없지.
event_208_child_visitor_friend_2_02_direct,step_208_child_visitor_friend_2_02_direct_01,7,speaker_nemo,…알겠어.
event_209_child_visitor_friend_3_01_blocked,step_209_child_visitor_friend_3_01_blocked_01,0,speaker_nemo,어? 안녕? 넌 누구야?
event_209_child_visitor_friend_3_01_blocked,step_209_child_visitor_friend_3_01_blocked_01,1,speaker_friend_3,저 구름 봐. 빵 같아.
event_209_child_visitor_friend_3_01_blocked,step_209_child_visitor_friend_3_01_blocked_01,2,speaker_nemo,빵?
event_209_child_visitor_friend_3_01_blocked,step_209_child_visitor_friend_3_01_blocked_01,3,speaker_friend_3,응. 뜯어 먹고 싶어.
event_209_child_visitor_friend_3_01_blocked,step_209_child_visitor_friend_3_01_blocked_01,4,speaker_nemo,너도? 나도 그런 생각 든 적 있어.
event_209_child_visitor_friend_3_01_blocked,step_209_child_visitor_friend_3_01_blocked_01,5,speaker_maid,"주인님, 오늘은 짧게 인사만 하셔야 합니다."
event_209_child_visitor_friend_3_01_blocked,step_209_child_visitor_friend_3_01_blocked_01,6,speaker_nemo,에이… 안녕.
event_209_child_visitor_friend_3_01_blocked,step_209_child_visitor_friend_3_01_blocked_01,7,speaker_friend_3,안녕! 다음엔 같이 보자!
event_209_child_visitor_friend_3_01_direct,step_209_child_visitor_friend_3_01_direct_01,0,speaker_friend_3,저기 나무는 브로콜리 같아.
event_209_child_visitor_friend_3_01_direct,step_209_child_visitor_friend_3_01_direct_01,1,speaker_nemo,안 닮았어.
event_209_child_visitor_friend_3_01_direct,step_209_child_visitor_friend_3_01_direct_01,2,speaker_friend_3,닮았어.
event_209_child_visitor_friend_3_01_direct,step_209_child_visitor_friend_3_01_direct_01,3,speaker_nemo,안 닮았어!
event_209_child_visitor_friend_3_01_direct,step_209_child_visitor_friend_3_01_direct_01,4,speaker_friend_3,그럼 가까이 가서 다시 보자.
event_209_child_visitor_friend_3_01_direct,step_209_child_visitor_friend_3_01_direct_01,5,speaker_nemo,……응. 그건 좀 궁금한데.
event_209_child_visitor_friend_3_01_direct,step_209_child_visitor_friend_3_01_direct_01,6,speaker_friend_3,저 새는 콩 같아. 저 개는 배추 같아. 저 마차는 호박 같아.
event_209_child_visitor_friend_3_01_direct,step_209_child_visitor_friend_3_01_direct_01,7,speaker_nemo,너 진짜 이상한데 재밌네.
event_210_child_visitor_friend_3_02_blocked,step_210_child_visitor_friend_3_02_blocked_01,0,speaker_friend_3,오늘 구름은 만두 같아.
event_210_child_visitor_friend_3_02_blocked,step_210_child_visitor_friend_3_02_blocked_01,1,speaker_nemo,저번엔 빵 아니었어?
event_210_child_visitor_friend_3_02_blocked,step_210_child_visitor_friend_3_02_blocked_01,2,speaker_friend_3,오늘은 만두야.
event_210_child_visitor_friend_3_02_blocked,step_210_child_visitor_friend_3_02_blocked_01,3,speaker_maid,"주인님, 오늘은 짧게 인사만 하셔야 합니다."
event_210_child_visitor_friend_3_02_blocked,step_210_child_visitor_friend_3_02_blocked_01,4,speaker_nemo,쟤 또 이상한 말 해.
event_210_child_visitor_friend_3_02_blocked,step_210_child_visitor_friend_3_02_blocked_01,5,speaker_friend_3,진짜 만두 같은데.
event_210_child_visitor_friend_3_02_blocked,step_210_child_visitor_friend_3_02_blocked_01,6,speaker_friend_3,다음엔 더 맛있는 거 보여 줄게.
event_210_child_visitor_friend_3_02_blocked,step_210_child_visitor_friend_3_02_blocked_01,7,speaker_nemo,응.
event_210_child_visitor_friend_3_02_direct,step_210_child_visitor_friend_3_02_direct_01,0,speaker_friend_3,저 꽃병은 파르페 같아.
event_210_child_visitor_friend_3_02_direct,step_210_child_visitor_friend_3_02_direct_01,1,speaker_nemo,또 먹는 거야?
event_210_child_visitor_friend_3_02_direct,step_210_child_visitor_friend_3_02_direct_01,2,speaker_friend_3,응. 그렇잖아.
event_210_child_visitor_friend_3_02_direct,step_210_child_visitor_friend_3_02_direct_01,3,speaker_nemo,넌 맨날 먹는 거 같대.
event_210_child_visitor_friend_3_02_direct,step_210_child_visitor_friend_3_02_direct_01,4,speaker_friend_3,그럼 너는 뭐 같아?
event_210_child_visitor_friend_3_02_direct,step_210_child_visitor_friend_3_02_direct_01,5,speaker_nemo,난… 잘 모르겠어.
event_401_child_house_talk_lake_wolf_blocked,step_401_child_house_talk_lake_wolf_blocked_01,0,speaker_maid,후문 쪽 문제를 빨리 해결하면 좋겠는데…
event_401_child_house_talk_lake_wolf_blocked,step_401_child_house_talk_lake_wolf_blocked_01,1,speaker_maid,그놈이 워낙 날쌔서 잡히질 않나 봐.
event_401_child_house_talk_lake_wolf_blocked,step_401_child_house_talk_lake_wolf_blocked_01,2,speaker_nemo,후문에 뭐 있어?
event_401_child_house_talk_lake_wolf_blocked,step_401_child_house_talk_lake_wolf_blocked_01,3,speaker_maid,"아무것도 아닙니다, 주인님."
event_401_child_house_talk_lake_wolf_direct,step_401_child_house_talk_lake_wolf_direct_01,0,speaker_maid,후문 쪽 문제를 빨리 해결하면 좋겠는데…
event_401_child_house_talk_lake_wolf_direct,step_401_child_house_talk_lake_wolf_direct_01,1,speaker_maid,그놈이 워낙 날쌔서 잡히질 않나 봐.
event_401_child_house_talk_lake_wolf_direct,step_401_child_house_talk_lake_wolf_direct_01,2,speaker_nemo,후문에 뭐 있어?
event_401_child_house_talk_lake_wolf_direct,step_401_child_house_talk_lake_wolf_direct_01,3,speaker_maid,"주인님, 후문엔 늑대가 돌아다니니 조심하셔야 해요."
event_402_child_house_talk_study_blocked,step_402_child_house_talk_study_blocked_01,0,speaker_maid,서재 앞만 오면 왜 이렇게 숨이 작아지는지 몰라.
event_402_child_house_talk_study_blocked,step_402_child_house_talk_study_blocked_01,1,speaker_maid,그러게. 나 아까 재채기 나올 뻔했는데 삼켰잖아.
event_402_child_house_talk_study_blocked,step_402_child_house_talk_study_blocked_01,2,speaker_nemo,재채기를 어떻게 삼켜?
event_402_child_house_talk_study_blocked,step_402_child_house_talk_study_blocked_01,3,speaker_maid,"별일 아닙니다, 주인님."
event_402_child_house_talk_study_direct,step_402_child_house_talk_study_direct_01,0,speaker_maid,서재 앞만 오면 왜 이렇게 숨이 작아지는지 몰라.
event_402_child_house_talk_study_direct,step_402_child_house_talk_study_direct_01,1,speaker_maid,그러게. 나 아까 재채기 나올 뻔했는데 삼켰잖아.
event_402_child_house_talk_study_direct,step_402_child_house_talk_study_direct_01,2,speaker_nemo,재채기를 어떻게 삼켜?
event_402_child_house_talk_study_direct,step_402_child_house_talk_study_direct_01,3,speaker_maid,"백작님 서재 앞에선 다들 하게 돼요, 주인님."
event_403_child_house_talk_cousin_1_blocked,step_403_child_house_talk_cousin_1_blocked_01,0,speaker_maid,오늘 그분 오신다며?
event_403_child_house_talk_cousin_1_blocked,step_403_child_house_talk_cousin_1_blocked_01,1,speaker_maid,응. 괜히 실수 없게 해야지.
event_403_child_house_talk_cousin_1_blocked,step_403_child_house_talk_cousin_1_blocked_01,2,speaker_nemo,누구 와?
event_403_child_house_talk_cousin_1_blocked,step_403_child_house_talk_cousin_1_blocked_01,3,speaker_maid,"손님이 오실 거예요, 주인님."
event_403_child_house_talk_cousin_1_direct,step_403_child_house_talk_cousin_1_direct_01,0,speaker_maid,오늘 그분 오신다며?
event_403_child_house_talk_cousin_1_direct,step_403_child_house_talk_cousin_1_direct_01,1,speaker_maid,응. 괜히 실수 없게 해야지.
event_403_child_house_talk_cousin_1_direct,step_403_child_house_talk_cousin_1_direct_01,2,speaker_nemo,누구 와?
event_403_child_house_talk_cousin_1_direct,step_403_child_house_talk_cousin_1_direct_01,3,speaker_maid,"백작님 사촌분이 오신대요, 주인님."
event_404_child_house_talk_backgate_wind_blocked,step_404_child_house_talk_backgate_wind_blocked_01,0,speaker_maid,후문 쪽 바람은 우산이랑 원수야.
event_404_child_house_talk_backgate_wind_blocked,step_404_child_house_talk_backgate_wind_blocked_01,1,speaker_maid,어제도 하나 뒤집혔잖아.
event_404_child_house_talk_backgate_wind_blocked,step_404_child_house_talk_backgate_wind_blocked_01,2,speaker_nemo,우산이 뒤집혀?
event_404_child_house_talk_backgate_wind_blocked,step_404_child_house_talk_backgate_wind_blocked_01,3,speaker_maid,"그런 일도 있답니다, 주인님."
event_404_child_house_talk_backgate_wind_direct,step_404_child_house_talk_backgate_wind_direct_01,0,speaker_maid,후문 쪽 바람은 우산이랑 원수야.
event_404_child_house_talk_backgate_wind_direct,step_404_child_house_talk_backgate_wind_direct_01,1,speaker_maid,어제도 하나 뒤집혔잖아.
event_404_child_house_talk_backgate_wind_direct,step_404_child_house_talk_backgate_wind_direct_01,2,speaker_nemo,우산이 뒤집혀?
event_404_child_house_talk_backgate_wind_direct,step_404_child_house_talk_backgate_wind_direct_01,3,speaker_maid,"네, 주인님. 거긴 바람이 심술이 사납거든요."
event_601_child_external_festival_01_blocked,step_601_child_external_festival_01_blocked_01,0,speaker_nemo,그거 뭐야?
event_601_child_external_festival_01_blocked,step_601_child_external_festival_01_blocked_01,1,speaker_maid,"아무것도 아닙니다, 주인님."
event_601_child_external_festival_01_blocked,step_601_child_external_festival_01_blocked_01,2,speaker_nemo,축제?
event_601_child_external_festival_01_blocked,step_601_child_external_festival_01_blocked_01,3,speaker_maid,사람들이 많이 모인다는 이야기랍니다.
event_601_child_external_festival_01_blocked,step_601_child_external_festival_01_blocked_01,4,speaker_nemo,그럼 시끄럽겠네.
event_601_child_external_festival_01_direct,step_601_child_external_festival_01_direct_01,0,speaker_nemo,그거 뭐야?
event_601_child_external_festival_01_direct,step_601_child_external_festival_01_direct_01,1,speaker_maid,"마을 중앙에서 축제가 열린다는 글이에요, 주인님."
event_601_child_external_festival_01_direct,step_601_child_external_festival_01_direct_01,2,speaker_nemo,축제?
event_601_child_external_festival_01_direct,step_601_child_external_festival_01_direct_01,3,speaker_maid,"네. 천도 걸고, 간식도 팔고, 노래도 한대요."
event_601_child_external_festival_01_direct,step_601_child_external_festival_01_direct_01,4,speaker_nemo,우와. 맛있는 것도 많아?
event_601_child_external_festival_01_direct,step_601_child_external_festival_01_direct_01,5,speaker_maid,네. 달콤한 것도 많다고 들었어요.
event_601_child_external_festival_01_direct,step_601_child_external_festival_01_direct_01,6,speaker_nemo,나도 가 보고 싶다.
event_601_child_external_festival_01_direct,step_601_child_external_festival_01_direct_01,7,speaker_maid,"정말 좋아하실 것 같네요, 주인님."
event_602_child_external_festival_02_blocked,step_602_child_external_festival_02_blocked_01,0,speaker_nemo,또 그 축제야?
event_602_child_external_festival_02_blocked,step_602_child_external_festival_02_blocked_01,1,speaker_maid,"네, 주인님. 아직도 시끄럽다는 이야기예요."
event_602_child_external_festival_02_blocked,step_602_child_external_festival_02_blocked_01,2,speaker_nemo,흐응.
event_602_child_external_festival_02_direct,step_602_child_external_festival_02_direct_01,0,speaker_nemo,또 그 축제야?
event_602_child_external_festival_02_direct,step_602_child_external_festival_02_direct_01,1,speaker_maid,"네. 이번엔 공연까지 열린대요, 주인님."
event_602_child_external_festival_02_direct,step_602_child_external_festival_02_direct_01,2,speaker_nemo,공연?
event_602_child_external_festival_02_direct,step_602_child_external_festival_02_direct_01,3,speaker_maid,춤추고 노래하는 사람들이 온다고 해요.
event_602_child_external_festival_02_direct,step_602_child_external_festival_02_direct_01,4,speaker_nemo,우와. 가볼까?
event_603_child_external_post_delay_01_blocked,step_603_child_external_post_delay_01_blocked_01,0,speaker_nemo,그건 또 뭐야?
event_603_child_external_post_delay_01_blocked,step_603_child_external_post_delay_01_blocked_01,1,speaker_maid,"별거 아닙니다, 주인님. 비가 많이 온다는 내용이에요."
event_603_child_external_post_delay_01_blocked,step_603_child_external_post_delay_01_blocked_01,2,speaker_nemo,흐응.
event_603_child_external_post_delay_01_direct,step_603_child_external_post_delay_01_direct_01,0,speaker_nemo,그건 뭐야?
event_603_child_external_post_delay_01_direct,step_603_child_external_post_delay_01_direct_01,1,speaker_maid,"우편이 늦어진다는 안내문이에요, 주인님."
event_603_child_external_post_delay_01_direct,step_603_child_external_post_delay_01_direct_01,2,speaker_nemo,왜 늦어?
event_603_child_external_post_delay_01_direct,step_603_child_external_post_delay_01_direct_01,3,speaker_maid,비가 많이 와서 길이 질어졌대요.
event_603_child_external_post_delay_01_direct,step_603_child_external_post_delay_01_direct_01,4,speaker_nemo,그럼 마차가 못 와?
event_603_child_external_post_delay_01_direct,step_603_child_external_post_delay_01_direct_01,5,speaker_maid,"네. 바퀴가 빠지기도 하고, 천천히 와야 한대요."
event_603_child_external_post_delay_01_direct,step_603_child_external_post_delay_01_direct_01,6,speaker_nemo,편지도 젖어?
event_603_child_external_post_delay_01_direct,step_603_child_external_post_delay_01_direct_01,7,speaker_maid,그래서 잘 싸서 온답니다.
event_603_child_external_post_delay_01_direct,step_603_child_external_post_delay_01_direct_01,8,speaker_nemo,먼 데서도 여기까지 오는구나.
event_604_child_external_kingdom_news_01_blocked,step_604_child_external_kingdom_news_01_blocked_01,0,speaker_nemo,그건 뭐야?
event_604_child_external_kingdom_news_01_blocked,step_604_child_external_kingdom_news_01_blocked_01,1,speaker_maid,"바깥 소식이에요, 주인님."
event_604_child_external_kingdom_news_01_blocked,step_604_child_external_kingdom_news_01_blocked_01,2,speaker_nemo,뭐라고 적혀 있어?
event_604_child_external_kingdom_news_01_blocked,step_604_child_external_kingdom_news_01_blocked_01,3,speaker_maid,어떤 사람이 먼 데 다녀왔다는 이야기랍니다.
event_604_child_external_kingdom_news_01_blocked,step_604_child_external_kingdom_news_01_blocked_01,4,speaker_nemo,별로 안 재밌네.
event_604_child_external_kingdom_news_01_direct,step_604_child_external_kingdom_news_01_direct_01,0,speaker_nemo,그건 뭐야?
event_604_child_external_kingdom_news_01_direct,step_604_child_external_kingdom_news_01_direct_01,1,speaker_maid,"왕국에서 유명한 미스터 임이라는 사람이, 북쪽 마수들의 우두머리를 해치우고 돌아왔다는 소식이에요, 주인님."
event_604_child_external_kingdom_news_01_direct,step_604_child_external_kingdom_news_01_direct_01,2,speaker_nemo,우두머리?
event_604_child_external_kingdom_news_01_direct,step_604_child_external_kingdom_news_01_direct_01,3,speaker_maid,"네. 북쪽엔 사나운 마수들이 많은데, 그중 제일 무서운 놈이었다고들 해요."
event_604_child_external_kingdom_news_01_direct,step_604_child_external_kingdom_news_01_direct_01,4,speaker_nemo,진짜? 우와. 미스터 임은 엄청 센가 보다.
event_604_child_external_kingdom_news_01_direct,step_604_child_external_kingdom_news_01_direct_01,5,speaker_maid,"다들 그렇게 말하더군요, 주인님."
event_604_child_external_kingdom_news_01_direct,step_604_child_external_kingdom_news_01_direct_01,6,speaker_nemo,나도 보고 싶다.
event_605_child_external_kingdom_news_02_blocked,step_605_child_external_kingdom_news_02_blocked_01,0,speaker_nemo,이번엔 또 뭐야?
event_605_child_external_kingdom_news_02_blocked,step_605_child_external_kingdom_news_02_blocked_01,1,speaker_maid,"또 그 사람 이야기예요, 주인님."
event_605_child_external_kingdom_news_02_blocked,step_605_child_external_kingdom_news_02_blocked_01,2,speaker_nemo,그 이상한 사람?
event_605_child_external_kingdom_news_02_blocked,step_605_child_external_kingdom_news_02_blocked_01,3,speaker_maid,네. 그분이요.
event_605_child_external_kingdom_news_02_direct,step_605_child_external_kingdom_news_02_direct_01,0,speaker_nemo,이번엔 또 뭐야?
event_605_child_external_kingdom_news_02_direct,step_605_child_external_kingdom_news_02_direct_01,1,speaker_maid,"미스터 임이 이번엔 자기 동상도 세워야 한다고 떠들었다더군요, 주인님."
event_605_child_external_kingdom_news_02_direct,step_605_child_external_kingdom_news_02_direct_01,2,speaker_nemo,진짜?
event_605_child_external_kingdom_news_02_direct,step_605_child_external_kingdom_news_02_direct_01,3,speaker_maid,"네. 다들 웃었는데, 또 멋있다고들 했다네요."
event_605_child_external_kingdom_news_02_direct,step_605_child_external_kingdom_news_02_direct_01,4,speaker_nemo,이상한데 멋있네.
event_301_child_letter_friend_1_01_blocked,step_301_child_letter_friend_1_01_blocked_01,0,speaker_nemo,오늘 온 편지야?
event_301_child_letter_friend_1_01_blocked,step_301_child_letter_friend_1_01_blocked_01,1,speaker_maid,"오늘은 조금 뒤에 보시는 게 좋겠습니다, 주인님."
event_301_child_letter_friend_1_01_blocked,step_301_child_letter_friend_1_01_blocked_01,2,speaker_nemo,왜?
event_301_child_letter_friend_1_01_blocked,step_301_child_letter_friend_1_01_blocked_01,3,speaker_maid,다음에 천천히 읽어드릴게요.
event_301_child_letter_friend_1_01_modified,step_301_child_letter_friend_1_01_modified_01,0,speaker_maid,네모 안녕. 저번에 뛰어서 재밌었대요.
event_301_child_letter_friend_1_01_modified,step_301_child_letter_friend_1_01_modified_01,1,speaker_maid,다음에도 다시 같이 놀고 싶다고 적혀 있어요.
event_301_child_letter_friend_1_01_modified,step_301_child_letter_friend_1_01_modified_01,2,speaker_nemo,진짜?
event_301_child_letter_friend_1_01_modified,step_301_child_letter_friend_1_01_modified_01,3,speaker_nemo,그럼 나도 다시 보고 싶어.
event_301_child_letter_friend_1_01_direct,step_301_child_letter_friend_1_01_direct_01,0,speaker_maid,네모 안녕. 저번에 뛰어서 재밌었어. 다음엔 내가 더 빨리 뛸 거야.
event_301_child_letter_friend_1_01_direct,step_301_child_letter_friend_1_01_direct_01,1,speaker_maid,너도 꼭 다시 와. 이번엔 내가 좋은 숨는 곳도 보여 줄게.
event_301_child_letter_friend_1_01_direct,step_301_child_letter_friend_1_01_direct_01,2,speaker_nemo,우와. 진짜 신나 보이네.
event_301_child_letter_friend_1_01_direct,step_301_child_letter_friend_1_01_direct_01,3,speaker_nemo,나도 또 같이 뛰고 싶어.
event_302_child_letter_friend_2_01_blocked,step_302_child_letter_friend_2_01_blocked_01,0,speaker_nemo,누가 쓴 편지야?
event_302_child_letter_friend_2_01_blocked,step_302_child_letter_friend_2_01_blocked_01,1,speaker_maid,"오늘은 조금 있다가 보여 드릴게요, 주인님."
event_302_child_letter_friend_2_01_modified,step_302_child_letter_friend_2_01_modified_01,0,speaker_maid,"다음엔 손수건을 챙기고, 너무 빨리 뛰지 말라고 적혀 있어요."
event_302_child_letter_friend_2_01_modified,step_302_child_letter_friend_2_01_modified_01,1,speaker_nemo,걔답다.
event_302_child_letter_friend_2_01_modified,step_302_child_letter_friend_2_01_modified_01,2,speaker_maid,그래도 다시 보면 인사는 해도 된다고 했답니다.
event_302_child_letter_friend_2_01_modified,step_302_child_letter_friend_2_01_modified_01,3,speaker_nemo,…그건 좋네.
event_302_child_letter_friend_2_01_direct,step_302_child_letter_friend_2_01_direct_01,0,speaker_maid,네모에게. 지난번 옷에 먼지가 많이 묻어 있었다. 다음엔 손수건을 챙겨.
event_302_child_letter_friend_2_01_direct,step_302_child_letter_friend_2_01_direct_01,1,speaker_maid,그리고 너무 빨리 뛰지 마. 그래도… 다시 보면 인사는 해도 된다.
event_302_child_letter_friend_2_01_direct,step_302_child_letter_friend_2_01_direct_01,2,speaker_nemo,정말 걔답다.
event_303_child_letter_friend_3_01_blocked,step_303_child_letter_friend_3_01_blocked_01,0,speaker_nemo,오늘도 편지야?
event_303_child_letter_friend_3_01_blocked,step_303_child_letter_friend_3_01_blocked_01,1,speaker_maid,"네, 하지만 오늘은 나중에 읽어드릴게요."
event_303_child_letter_friend_3_01_modified,step_303_child_letter_friend_3_01_modified_01,0,speaker_maid,다음엔 같이 구름을 보고 싶다고 적혀 있어요.
event_303_child_letter_friend_3_01_modified,step_303_child_letter_friend_3_01_modified_01,1,speaker_nemo,또 이상한 소리 썼어?
event_303_child_letter_friend_3_01_modified,step_303_child_letter_friend_3_01_modified_01,2,speaker_maid,조금은요.
event_303_child_letter_friend_3_01_modified,step_303_child_letter_friend_3_01_modified_01,3,speaker_nemo,그래도 궁금한데.
event_303_child_letter_friend_3_01_direct,step_303_child_letter_friend_3_01_direct_01,0,speaker_maid,네모 안녕. 오늘 본 구름은 국수 같았어. 다음엔 너도 같이 보면 좋겠어.
event_303_child_letter_friend_3_01_direct,step_303_child_letter_friend_3_01_direct_01,1,speaker_maid,지난번 꽃병은 아직도 파르페 같아.
event_303_child_letter_friend_3_01_direct,step_303_child_letter_friend_3_01_direct_01,2,speaker_nemo,얘는 진짜 그대로네.
event_304_child_letter_cousin_2_01_blocked,step_304_child_letter_cousin_2_01_blocked_01,0,speaker_nemo,짧은 편지네.
event_304_child_letter_cousin_2_01_blocked,step_304_child_letter_cousin_2_01_blocked_01,1,speaker_maid,오늘은 조금 뒤에 읽어드릴게요.
event_304_child_letter_cousin_2_01_modified,step_304_child_letter_cousin_2_01_modified_01,0,speaker_maid,다음에 보면 숨바꼭질 같이 하자고 적혀 있어요.
event_304_child_letter_cousin_2_01_modified,step_304_child_letter_cousin_2_01_modified_01,1,speaker_nemo,정말?
event_304_child_letter_cousin_2_01_modified,step_304_child_letter_cousin_2_01_modified_01,2,speaker_maid,네. 답장은 없어도 괜찮다고도 했어요.
event_304_child_letter_cousin_2_01_direct,step_304_child_letter_cousin_2_01_direct_01,0,speaker_maid,네모 안녕. 다음에 보면 숨바꼭질 같이 하자. 답장은 없어도 괜찮아.
event_304_child_letter_cousin_2_01_direct,step_304_child_letter_cousin_2_01_direct_01,1,speaker_nemo,응. 나도 같이 하고 싶어.
